season,round,session,driver_code,driver_number,team,lap_number,stint,compound,tyre_life,is_fresh_tyre,position,is_personal_best,track_status,lap_start_sec,speed_i1_kph,speed_i2_kph,speed_fl_kph,speed_st_kph,lap_time_sec,sector1_sec,sector2_sec,sector3_sec
2024,1,R,VER,1,Red Bull Racing,1,1,SOFT,4,false,1,false,12,3599.911,234.0,250.0,276.0,251.0,97.284,,41.266,23.616
2024,1,R,VER,1,Red Bull Racing,2,1,SOFT,5,false,1,true,1,3697.489,232.0,248.0,276.0,287.0,96.296,30.916,41.661,23.719
2024,1,R,VER,1,Red Bull Racing,3,1,SOFT,6,false,1,false,1,3793.785,231.0,243.0,276.0,290.0,96.753,30.999,41.966,23.788
2024,1,R,VER,1,Red Bull Racing,4,1,SOFT,7,false,1,false,1,3890.538,233.0,253.0,276.0,290.0,96.647,30.931,41.892,23.824
2024,1,R,VER,1,Red Bull Racing,5,1,SOFT,8,false,1,false,1,3987.185,231.0,245.0,276.0,289.0,97.173,31.255,42.056,23.862
2024,1,R,VER,1,Red Bull Racing,6,1,SOFT,9,false,1,false,1,4084.358,231.0,247.0,276.0,296.0,97.092,31.041,42.187,23.864
2024,1,R,VER,1,Red Bull Racing,7,1,SOFT,10,false,1,false,1,4181.45,232.0,242.0,277.0,291.0,97.038,31.015,42.118,23.905
2024,1,R,VER,1,Red Bull Racing,8,1,SOFT,11,false,1,false,1,4278.488,231.0,250.0,277.0,291.0,97.024,31.041,42.077,23.906
2024,1,R,VER,1,Red Bull Racing,9,1,SOFT,12,false,1,false,1,4375.512,231.0,243.0,276.0,292.0,97.229,31.1,42.166,23.963
2024,1,R,VER,1,Red Bull Racing,10,1,SOFT,13,false,1,false,12,4472.741,232.0,244.0,277.0,293.0,96.96,30.986,42.009,23.965
2024,1,R,VER,1,Red Bull Racing,11,1,SOFT,14,false,1,false,21,4569.701,232.0,246.0,277.0,292.0,97.085,30.974,42.142,23.969
2024,1,R,VER,1,Red Bull Racing,12,1,SOFT,15,false,1,false,1,4666.786,234.0,249.0,277.0,292.0,97.045,30.966,42.091,23.988
2024,1,R,VER,1,Red Bull Racing,13,1,SOFT,16,false,1,false,1,4763.831,233.0,251.0,277.0,292.0,97.03,30.964,42.055,24.011
2024,1,R,VER,1,Red Bull Racing,14,1,SOFT,17,false,1,false,1,4860.861,233.0,253.0,277.0,293.0,97.028,30.938,42.042,24.048
2024,1,R,VER,1,Red Bull Racing,15,1,SOFT,18,false,1,false,1,4957.889,232.0,254.0,276.0,293.0,97.011,30.887,42.058,24.066
2024,1,R,VER,1,Red Bull Racing,16,1,SOFT,19,false,1,false,1,5054.9,233.0,260.0,277.0,292.0,97.168,31.048,42.032,24.088
2024,1,R,VER,1,Red Bull Racing,17,1,SOFT,20,false,1,false,1,5152.068,232.0,262.0,,293.0,99.896,31.006,42.06,26.83
2024,1,R,VER,1,Red Bull Racing,18,2,HARD,1,true,1,false,1,5251.964,232.0,252.0,277.0,212.0,117.854,52.815,41.511,23.528
2024,1,R,VER,1,Red Bull Racing,19,2,HARD,2,true,1,true,1,5369.818,233.0,248.0,278.0,288.0,95.283,30.628,41.162,23.493
2024,1,R,VER,1,Red Bull Racing,20,2,HARD,3,true,1,true,1,5465.101,233.0,256.0,278.0,291.0,95.16,30.585,41.1,23.475
2024,1,R,VER,1,Red Bull Racing,21,2,HARD,4,true,1,false,1,5560.261,235.0,251.0,278.0,293.0,95.316,30.576,41.24,23.5
2024,1,R,VER,1,Red Bull Racing,22,2,HARD,5,true,1,false,1,5655.577,234.0,254.0,279.0,294.0,95.204,30.56,41.142,23.502
2024,1,R,VER,1,Red Bull Racing,23,2,HARD,6,true,1,false,1,5750.781,234.0,253.0,279.0,294.0,95.216,30.553,41.145,23.518
2024,1,R,VER,1,Red Bull Racing,24,2,HARD,7,true,1,false,1,5845.997,234.0,257.0,279.0,294.0,95.289,30.548,41.257,23.484
2024,1,R,VER,1,Red Bull Racing,25,2,HARD,8,true,1,false,1,5941.286,233.0,250.0,279.0,295.0,95.342,30.518,41.282,23.542
2024,1,R,VER,1,Red Bull Racing,26,2,HARD,9,true,1,false,1,6036.628,235.0,257.0,279.0,295.0,95.223,30.522,41.14,23.561
2024,1,R,VER,1,Red Bull Racing,27,2,HARD,10,true,1,false,1,6131.851,230.0,250.0,279.0,294.0,95.581,30.649,41.338,23.594
2024,1,R,VER,1,Red Bull Racing,28,2,HARD,11,true,1,false,1,6227.432,233.0,258.0,278.0,293.0,95.477,30.588,41.272,23.617
2024,1,R,VER,1,Red Bull Racing,29,2,HARD,12,true,1,false,1,6322.909,234.0,258.0,279.0,293.0,95.793,30.679,41.485,23.629
2024,1,R,VER,1,Red Bull Racing,30,2,HARD,13,true,1,false,1,6418.702,234.0,254.0,279.0,294.0,95.771,30.657,41.47,23.644
2024,1,R,VER,1,Red Bull Racing,31,2,HARD,14,true,1,false,1,6514.473,234.0,260.0,279.0,295.0,95.679,30.635,41.435,23.609
2024,1,R,VER,1,Red Bull Racing,32,2,HARD,15,true,1,false,1,6610.152,234.0,260.0,279.0,296.0,95.886,30.669,41.519,23.698
2024,1,R,VER,1,Red Bull Racing,33,2,HARD,16,true,1,false,1,6706.038,233.0,258.0,279.0,295.0,95.863,30.69,41.459,23.714
2024,1,R,VER,1,Red Bull Racing,34,2,HARD,17,true,1,false,1,6801.901,233.0,261.0,279.0,296.0,96.133,30.685,41.661,23.787
2024,1,R,VER,1,Red Bull Racing,35,2,HARD,18,true,1,false,1,6898.034,234.0,260.0,279.0,295.0,96.018,30.727,41.557,23.734
2024,1,R,VER,1,Red Bull Racing,36,2,HARD,19,true,1,false,1,6994.052,234.0,263.0,280.0,297.0,96.205,30.794,41.561,23.85
2024,1,R,VER,1,Red Bull Racing,37,2,HARD,20,true,1,false,1,7090.257,233.0,264.0,,297.0,99.234,30.877,41.634,26.723
2024,1,R,VER,1,Red Bull Racing,38,3,SOFT,1,true,1,false,1,7189.491,236.0,258.0,280.0,217.0,116.445,51.526,41.562,23.357
2024,1,R,VER,1,Red Bull Racing,39,3,SOFT,2,true,1,true,1,7305.936,239.0,265.0,281.0,299.0,92.608,29.741,39.916,22.951
2024,1,R,VER,1,Red Bull Racing,40,3,SOFT,3,true,1,false,1,7398.544,234.0,245.0,281.0,275.0,96.589,31.014,42.023,23.552
2024,1,R,VER,1,Red Bull Racing,41,3,SOFT,4,true,1,false,1,7495.133,237.0,252.0,281.0,292.0,95.29,30.697,41.281,23.312
2024,1,R,VER,1,Red Bull Racing,42,3,SOFT,5,true,1,false,1,7590.423,237.0,261.0,281.0,294.0,94.667,30.477,40.996,23.194
2024,1,R,VER,1,Red Bull Racing,43,3,SOFT,6,true,1,false,1,7685.09,237.0,261.0,281.0,296.0,94.151,30.132,40.772,23.247
2024,1,R,VER,1,Red Bull Racing,44,3,SOFT,7,true,1,false,1,7779.241,237.0,264.0,281.0,293.0,94.531,30.348,40.805,23.378
2024,1,R,VER,1,Red Bull Racing,45,3,SOFT,8,true,1,false,1,7873.772,237.0,260.0,281.0,295.0,94.249,30.18,40.825,23.244
2024,1,R,VER,1,Red Bull Racing,46,3,SOFT,9,true,1,false,1,7968.021,235.0,264.0,281.0,297.0,94.193,30.301,40.682,23.21
2024,1,R,VER,1,Red Bull Racing,47,3,SOFT,10,true,1,false,1,8062.214,235.0,263.0,281.0,295.0,94.239,30.267,40.704,23.268
2024,1,R,VER,1,Red Bull Racing,48,3,SOFT,11,true,1,false,1,8156.453,235.0,264.0,282.0,297.0,94.35,30.245,40.738,23.367
2024,1,R,VER,1,Red Bull Racing,49,3,SOFT,12,true,1,false,1,8250.803,235.0,261.0,282.0,298.0,94.403,30.246,40.804,23.353
2024,1,R,VER,1,Red Bull Racing,50,3,SOFT,13,true,1,false,1,8345.206,236.0,265.0,289.0,298.0,94.783,30.229,40.928,23.626
2024,1,R,VER,1,Red Bull Racing,51,3,SOFT,14,true,1,false,1,8439.989,236.0,267.0,282.0,314.0,94.34,30.003,40.834,23.503
2024,1,R,VER,1,Red Bull Racing,52,3,SOFT,15,true,1,false,1,8534.329,235.0,266.0,284.0,299.0,94.906,30.333,40.919,23.654
2024,1,R,VER,1,Red Bull Racing,53,3,SOFT,16,true,1,false,1,8629.235,237.0,270.0,284.0,300.0,95.6,30.528,41.382,23.69
2024,1,R,VER,1,Red Bull Racing,54,3,SOFT,17,true,1,false,1,8724.835,236.0,270.0,283.0,301.0,95.334,30.427,41.227,23.68
2024,1,R,VER,1,Red Bull Racing,55,3,SOFT,18,true,1,false,1,8820.169,236.0,267.0,281.0,296.0,95.184,30.493,41.22,23.471
2024,1,R,VER,1,Red Bull Racing,56,3,SOFT,19,true,1,false,1,8915.353,236.0,267.0,281.0,297.0,94.671,30.256,40.87,23.545
2024,1,R,VER,1,Red Bull Racing,57,3,SOFT,20,true,1,false,1,9010.024,236.0,267.0,275.0,296.0,94.923,30.384,40.91,23.629
2024,1,R,PER,11,Red Bull Racing,1,1,SOFT,4,false,4,false,12,3599.911,229.0,256.0,278.0,259.0,100.053,,42.61,23.856
2024,1,R,PER,11,Red Bull Racing,2,1,SOFT,5,false,4,true,1,3700.258,234.0,257.0,285.0,302.0,96.541,30.678,41.867,23.996
2024,1,R,PER,11,Red Bull Racing,3,1,SOFT,6,false,4,false,1,3796.799,231.0,245.0,284.0,315.0,97.297,30.596,42.478,24.223
2024,1,R,PER,11,Red Bull Racing,4,1,SOFT,7,false,4,false,1,3894.096,233.0,246.0,283.0,314.0,97.722,30.716,42.623,24.383
2024,1,R,PER,11,Red Bull Racing,5,1,SOFT,8,false,4,false,1,3991.818,227.0,249.0,285.0,320.0,98.044,30.997,42.754,24.293
2024,1,R,PER,11,Red Bull Racing,6,1,SOFT,9,false,4,false,1,4089.862,226.0,249.0,285.0,320.0,97.823,30.843,42.702,24.278
2024,1,R,PER,11,Red Bull Racing,7,1,SOFT,10,false,3,false,1,4187.685,232.0,259.0,278.0,316.0,97.821,31.013,42.682,24.126
2024,1,R,PER,11,Red Bull Racing,8,1,SOFT,11,false,3,false,1,4285.506,232.0,261.0,278.0,302.0,97.838,31.305,42.428,24.105
2024,1,R,PER,11,Red Bull Racing,9,1,SOFT,12,false,3,false,1,4383.344,228.0,257.0,278.0,302.0,97.596,31.145,42.395,24.056
2024,1,R,PER,11,Red Bull Racing,10,1,SOFT,13,false,3,false,12,4480.94,229.0,259.0,279.0,300.0,97.63,31.178,42.322,24.13
2024,1,R,PER,11,Red Bull Racing,11,1,SOFT,14,false,2,false,1,4578.57,233.0,258.0,282.0,300.0,97.836,31.054,42.473,24.309
2024,1,R,PER,11,Red Bull Racing,12,1,SOFT,15,false,3,false,1,4676.406,228.0,257.0,,312.0,100.277,30.891,42.506,26.88
2024,1,R,PER,11,Red Bull Racing,13,2,HARD,1,true,8,false,1,4776.683,231.0,260.0,288.0,217.0,117.624,51.896,41.803,23.925
2024,1,R,PER,11,Red Bull Racing,14,2,HARD,2,true,6,true,1,4894.307,234.0,263.0,279.0,320.0,95.606,30.063,41.855,23.688
2024,1,R,PER,11,Red Bull Racing,15,2,HARD,3,true,3,false,1,4989.913,229.0,255.0,283.0,299.0,96.815,30.785,41.795,24.235
2024,1,R,PER,11,Red Bull Racing,16,2,HARD,4,true,2,false,1,5086.728,228.0,256.0,277.0,316.0,95.783,30.569,41.558,23.656
2024,1,R,PER,11,Red Bull Racing,17,2,HARD,5,true,2,false,1,5182.511,228.0,258.0,278.0,294.0,96.454,30.922,41.823,23.709
2024,1,R,PER,11,Red Bull Racing,18,2,HARD,6,true,2,false,1,5278.965,235.0,259.0,278.0,291.0,96.311,30.803,41.835,23.673
2024,1,R,PER,11,Red Bull Racing,19,2,HARD,7,true,2,false,1,5375.276,236.0,254.0,278.0,298.0,96.038,30.702,41.633,23.703
2024,1,R,PER,11,Red Bull Racing,20,2,HARD,8,true,2,false,1,5471.314,230.0,260.0,278.0,298.0,96.278,30.918,41.686,23.674
2024,1,R,PER,11,Red Bull Racing,21,2,HARD,9,true,2,false,1,5567.592,230.0,263.0,277.0,298.0,96.165,30.849,41.61,23.706
2024,1,R,PER,11,Red Bull Racing,22,2,HARD,10,true,2,false,1,5663.757,232.0,263.0,278.0,295.0,96.037,30.824,41.536,23.677
2024,1,R,PER,11,Red Bull Racing,23,2,HARD,11,true,2,false,1,5759.794,230.0,262.0,279.0,299.0,96.249,30.84,41.729,23.68
2024,1,R,PER,11,Red Bull Racing,24,2,HARD,12,true,2,false,1,5856.043,235.0,261.0,278.0,299.0,96.211,30.792,41.687,23.732
2024,1,R,PER,11,Red Bull Racing,25,2,HARD,13,true,2,false,1,5952.254,233.0,260.0,279.0,297.0,96.344,30.878,41.719,23.747
2024,1,R,PER,11,Red Bull Racing,26,2,HARD,14,true,2,false,1,6048.598,232.0,263.0,278.0,298.0,96.347,30.938,41.666,23.743
2024,1,R,PER,11,Red Bull Racing,27,2,HARD,15,true,2,false,1,6144.945,235.0,263.0,279.0,299.0,96.233,30.853,41.543,23.837
2024,1,R,PER,11,Red Bull Racing,28,2,HARD,16,true,2,false,1,6241.178,233.0,264.0,279.0,299.0,96.226,30.929,41.588,23.709
2024,1,R,PER,11,Red Bull Racing,29,2,HARD,17,true,2,false,1,6337.404,228.0,263.0,279.0,298.0,96.437,30.926,41.749,23.762
2024,1,R,PER,11,Red Bull Racing,30,2,HARD,18,true,2,false,1,6433.841,230.0,263.0,279.0,299.0,96.313,30.916,41.643,23.754
2024,1,R,PER,11,Red Bull Racing,31,2,HARD,19,true,2,false,1,6530.154,231.0,263.0,279.0,299.0,96.339,30.843,41.752,23.744
2024,1,R,PER,11,Red Bull Racing,32,2,HARD,20,true,2,false,1,6626.493,233.0,263.0,279.0,300.0,96.276,30.856,41.671,23.749
2024,1,R,PER,11,Red Bull Racing,33,2,HARD,21,true,2,false,1,6722.769,230.0,264.0,279.0,299.0,96.564,30.907,41.752,23.905
2024,1,R,PER,11,Red Bull Racing,34,2,HARD,22,true,2,false,1,6819.333,233.0,265.0,279.0,301.0,96.378,30.84,41.734,23.804
2024,1,R,PER,11,Red Bull Racing,35,2,HARD,23,true,2,false,1,6915.711,231.0,261.0,279.0,299.0,96.776,30.938,41.91,23.928
2024,1,R,PER,11,Red Bull Racing,36,2,HARD,24,true,2,false,1,7012.487,234.0,264.0,,299.0,99.365,31.014,41.781,26.57
2024,1,R,PER,11,Red Bull Racing,37,3,SOFT,1,true,2,false,1,7111.852,237.0,254.0,280.0,223.0,115.808,51.096,41.214,23.498
2024,1,R,PER,11,Red Bull Racing,38,3,SOFT,2,true,2,true,1,7227.66,233.0,256.0,281.0,295.0,94.804,30.581,40.931,23.292
2024,1,R,PER,11,Red Bull Racing,39,3,SOFT,3,true,2,true,1,7322.464,233.0,260.0,281.0,294.0,94.607,30.563,40.893,23.151
2024,1,R,PER,11,Red Bull Racing,40,3,SOFT,4,true,2,true,1,7417.071,234.0,257.0,281.0,297.0,94.364,30.4,40.772,23.192
2024,1,R,PER,11,Red Bull Racing,41,3,SOFT,5,true,2,false,1,7511.435,239.0,258.0,281.0,301.0,94.4,30.351,40.884,23.165
2024,1,R,PER,11,Red Bull Racing,42,3,SOFT,6,true,2,false,1,7605.835,238.0,260.0,281.0,301.0,94.525,30.299,40.985,23.241
2024,1,R,PER,11,Red Bull Racing,43,3,SOFT,7,true,2,false,1,7700.36,236.0,262.0,281.0,301.0,94.797,30.403,41.148,23.246
2024,1,R,PER,11,Red Bull Racing,44,3,SOFT,8,true,2,false,1,7795.157,235.0,257.0,282.0,298.0,94.799,30.389,41.028,23.382
2024,1,R,PER,11,Red Bull Racing,45,3,SOFT,9,true,2,false,1,7889.956,234.0,263.0,281.0,298.0,94.592,30.338,40.986,23.268
2024,1,R,PER,11,Red Bull Racing,46,3,SOFT,10,true,2,false,1,7984.548,233.0,262.0,281.0,297.0,94.844,30.41,41.109,23.325
2024,1,R,PER,11,Red Bull Racing,47,3,SOFT,11,true,2,false,1,8079.392,235.0,262.0,281.0,299.0,94.73,30.281,41.074,23.375
2024,1,R,PER,11,Red Bull Racing,48,3,SOFT,12,true,2,false,1,8174.122,234.0,264.0,281.0,302.0,94.885,30.358,41.147,23.38
2024,1,R,PER,11,Red Bull Racing,49,3,SOFT,13,true,2,false,1,8269.007,234.0,262.0,281.0,300.0,94.966,30.4,41.133,23.433
2024,1,R,PER,11,Red Bull Racing,50,3,SOFT,14,true,2,false,1,8363.973,236.0,263.0,281.0,301.0,95.082,30.366,41.337,23.379
2024,1,R,PER,11,Red Bull Racing,51,3,SOFT,15,true,2,false,1,8459.055,235.0,265.0,281.0,304.0,94.94,30.36,41.144,23.436
2024,1,R,PER,11,Red Bull Racing,52,3,SOFT,16,true,2,false,1,8553.995,234.0,266.0,282.0,299.0,95.183,30.577,41.129,23.477
2024,1,R,PER,11,Red Bull Racing,53,3,SOFT,17,true,2,false,1,8649.178,235.0,266.0,281.0,299.0,95.842,30.638,41.522,23.682
2024,1,R,PER,11,Red Bull Racing,54,3,SOFT,18,true,2,false,1,8745.02,234.0,265.0,282.0,302.0,95.459,30.578,41.382,23.499
2024,1,R,PER,11,Red Bull Racing,55,3,SOFT,19,true,2,false,1,8840.479,233.0,264.0,282.0,303.0,95.611,30.683,41.42,23.508
2024,1,R,PER,11,Red Bull Racing,56,3,SOFT,20,true,2,false,1,8936.09,235.0,266.0,283.0,304.0,95.568,30.539,41.406,23.623
2024,1,R,PER,11,Red Bull Racing,57,3,SOFT,21,true,2,false,1,9031.658,236.0,267.0,282.0,306.0,95.746,30.521,41.6,23.625
2024,1,R,SAI,55,Ferrari,1,1,SOFT,4,false,5,false,12,3599.911,233.0,249.0,280.0,256.0,100.62,,42.861,23.765
2024,1,R,SAI,55,Ferrari,2,1,SOFT,5,false,5,true,1,3700.825,235.0,244.0,279.0,297.0,97.236,30.974,42.366,23.896
2024,1,R,SAI,55,Ferrari,3,1,SOFT,6,false,5,true,1,3798.061,233.0,246.0,280.0,300.0,97.08,31.049,42.179,23.852
2024,1,R,SAI,55,Ferrari,4,1,SOFT,7,false,5,false,1,3895.141,234.0,245.0,285.0,304.0,97.264,30.957,42.373,23.934
2024,1,R,SAI,55,Ferrari,5,1,SOFT,8,false,5,false,1,3992.405,232.0,245.0,286.0,324.0,98.032,30.967,42.821,24.244
2024,1,R,SAI,55,Ferrari,6,1,SOFT,9,false,5,false,1,4090.437,233.0,243.0,286.0,325.0,97.741,30.879,42.803,24.059
2024,1,R,SAI,55,Ferrari,7,1,SOFT,10,false,5,false,1,4188.178,234.0,242.0,286.0,326.0,98.26,30.847,43.148,24.265
2024,1,R,SAI,55,Ferrari,8,1,SOFT,11,false,5,false,1,4286.438,232.0,246.0,287.0,316.0,98.183,31.341,42.701,24.141
2024,1,R,SAI,55,Ferrari,9,1,SOFT,12,false,5,false,1,4384.621,234.0,247.0,285.0,323.0,98.03,30.99,42.868,24.172
2024,1,R,SAI,55,Ferrari,10,1,SOFT,13,false,5,false,12,4482.651,233.0,248.0,287.0,319.0,97.608,30.819,42.638,24.151
2024,1,R,SAI,55,Ferrari,11,1,SOFT,14,false,3,false,1,4580.259,232.0,252.0,280.0,324.0,97.656,31.266,42.386,24.004
2024,1,R,SAI,55,Ferrari,12,1,SOFT,15,false,2,false,1,4677.915,232.0,248.0,277.0,299.0,97.65,31.089,42.46,24.101
2024,1,R,SAI,55,Ferrari,13,1,SOFT,16,false,2,false,1,4775.565,233.0,250.0,277.0,298.0,97.243,31.025,42.212,24.006
2024,1,R,SAI,55,Ferrari,14,1,SOFT,17,false,2,false,1,4872.808,235.0,258.0,,298.0,99.753,31.011,42.119,26.623
2024,1,R,SAI,55,Ferrari,15,2,HARD,1,true,7,false,1,4972.561,236.0,252.0,286.0,220.0,117.225,51.656,42.013,23.556
2024,1,R,SAI,55,Ferrari,16,2,HARD,2,true,5,true,1,5089.786,236.0,247.0,289.0,325.0,96.376,30.412,42.131,23.833
2024,1,R,SAI,55,Ferrari,17,2,HARD,3,true,4,true,1,5186.162,233.0,251.0,286.0,332.0,95.507,30.202,41.758,23.547
2024,1,R,SAI,55,Ferrari,18,2,HARD,4,true,3,false,1,5281.669,233.0,249.0,279.0,322.0,96.088,30.59,41.964,23.534
2024,1,R,SAI,55,Ferrari,19,2,HARD,5,true,3,false,1,5377.757,234.0,248.0,279.0,293.0,96.236,30.805,41.897,23.534
2024,1,R,SAI,55,Ferrari,20,2,HARD,6,true,3,false,1,5473.993,235.0,252.0,279.0,297.0,96.034,30.786,41.66,23.588
2024,1,R,SAI,55,Ferrari,21,2,HARD,7,true,3,false,1,5570.027,235.0,252.0,279.0,298.0,96.104,30.796,41.752,23.556
2024,1,R,SAI,55,Ferrari,22,2,HARD,8,true,3,false,1,5666.131,235.0,253.0,280.0,299.0,96.008,30.686,41.77,23.552
2024,1,R,SAI,55,Ferrari,23,2,HARD,9,true,3,false,1,5762.139,236.0,252.0,280.0,300.0,96.149,30.738,41.797,23.614
2024,1,R,SAI,55,Ferrari,24,2,HARD,10,true,3,false,1,5858.288,236.0,251.0,280.0,301.0,96.2,30.698,41.881,23.621
2024,1,R,SAI,55,Ferrari,25,2,HARD,11,true,3,false,1,5954.488,233.0,251.0,280.0,301.0,96.22,30.724,41.907,23.589
2024,1,R,SAI,55,Ferrari,26,2,HARD,12,true,3,false,1,6050.708,237.0,252.0,280.0,302.0,96.221,30.714,41.878,23.629
2024,1,R,SAI,55,Ferrari,27,2,HARD,13,true,3,false,1,6146.929,236.0,251.0,280.0,301.0,96.272,30.807,41.836,23.629
2024,1,R,SAI,55,Ferrari,28,2,HARD,14,true,3,false,1,6243.201,236.0,251.0,280.0,299.0,96.534,30.901,41.965,23.668
2024,1,R,SAI,55,Ferrari,29,2,HARD,15,true,3,false,1,6339.735,236.0,254.0,280.0,301.0,96.6,30.852,41.97,23.778
2024,1,R,SAI,55,Ferrari,30,2,HARD,16,true,3,false,1,6436.335,236.0,253.0,280.0,303.0,96.337,30.746,41.897,23.694
2024,1,R,SAI,55,Ferrari,31,2,HARD,17,true,3,false,1,6532.672,234.0,253.0,280.0,301.0,96.537,30.851,41.959,23.727
2024,1,R,SAI,55,Ferrari,32,2,HARD,18,true,3,false,1,6629.209,236.0,255.0,280.0,303.0,96.762,30.873,42.115,23.774
2024,1,R,SAI,55,Ferrari,33,2,HARD,19,true,3,false,1,6725.971,237.0,254.0,280.0,303.0,96.556,30.833,41.987,23.736
2024,1,R,SAI,55,Ferrari,34,2,HARD,20,true,3,false,1,6822.527,236.0,254.0,280.0,301.0,96.551,30.858,41.933,23.76
2024,1,R,SAI,55,Ferrari,35,2,HARD,21,true,3,false,1,6919.078,236.0,255.0,,301.0,99.274,30.872,42.117,26.285
2024,1,R,SAI,55,Ferrari,36,3,HARD,1,true,3,false,1,7018.352,237.0,250.0,280.0,222.0,115.62,50.852,41.528,23.24
2024,1,R,SAI,55,Ferrari,37,3,HARD,2,true,3,true,1,7133.972,237.0,250.0,282.0,296.0,95.302,30.695,41.39,23.217
2024,1,R,SAI,55,Ferrari,38,3,HARD,3,true,3,true,1,7229.274,237.0,251.0,282.0,300.0,95.1,30.631,41.329,23.14
2024,1,R,SAI,55,Ferrari,39,3,HARD,4,true,3,true,1,7324.374,237.0,254.0,282.0,299.0,94.709,30.481,41.066,23.162
2024,1,R,SAI,55,Ferrari,40,3,HARD,5,true,3,false,1,7419.083,238.0,254.0,282.0,303.0,94.739,30.382,41.146,23.211
2024,1,R,SAI,55,Ferrari,41,3,HARD,6,true,3,false,1,7513.822,236.0,253.0,282.0,303.0,95.041,30.638,41.205,23.198
2024,1,R,SAI,55,Ferrari,42,3,HARD,7,true,3,false,1,7608.863,237.0,255.0,282.0,301.0,94.861,30.448,41.195,23.218
2024,1,R,SAI,55,Ferrari,43,3,HARD,8,true,3,false,1,7703.724,238.0,253.0,281.0,302.0,94.795,30.387,41.201,23.207
2024,1,R,SAI,55,Ferrari,44,3,HARD,9,true,3,true,1,7798.519,237.0,255.0,282.0,301.0,94.507,30.35,40.971,23.186
2024,1,R,SAI,55,Ferrari,45,3,HARD,10,true,3,false,1,7893.026,237.0,256.0,282.0,301.0,94.79,30.398,41.123,23.269
2024,1,R,SAI,55,Ferrari,46,3,HARD,11,true,3,false,1,7987.816,237.0,256.0,282.0,300.0,94.853,30.466,41.116,23.271
2024,1,R,SAI,55,Ferrari,47,3,HARD,12,true,3,false,1,8082.669,237.0,255.0,281.0,303.0,94.901,30.455,41.086,23.36
2024,1,R,SAI,55,Ferrari,48,3,HARD,13,true,3,false,1,8177.57,236.0,258.0,282.0,303.0,94.981,30.602,41.028,23.351
2024,1,R,SAI,55,Ferrari,49,3,HARD,14,true,3,false,1,8272.551,237.0,254.0,282.0,302.0,95.44,30.499,41.58,23.361
2024,1,R,SAI,55,Ferrari,50,3,HARD,15,true,3,false,1,8367.991,238.0,256.0,282.0,303.0,95.142,30.468,41.331,23.343
2024,1,R,SAI,55,Ferrari,51,3,HARD,16,true,3,false,1,8463.133,236.0,255.0,281.0,304.0,95.282,30.502,41.387,23.393
2024,1,R,SAI,55,Ferrari,52,3,HARD,17,true,3,false,1,8558.415,237.0,258.0,281.0,303.0,95.083,30.522,41.259,23.302
2024,1,R,SAI,55,Ferrari,53,3,HARD,18,true,3,false,1,8653.498,237.0,258.0,283.0,301.0,95.211,30.491,41.288,23.432
2024,1,R,SAI,55,Ferrari,54,3,HARD,19,true,3,false,1,8748.709,237.0,257.0,284.0,306.0,95.309,30.555,41.277,23.477
2024,1,R,SAI,55,Ferrari,55,3,HARD,20,true,3,false,1,8844.018,237.0,263.0,282.0,306.0,95.407,30.699,41.192,23.516
2024,1,R,SAI,55,Ferrari,56,3,HARD,21,true,3,false,1,8939.425,238.0,265.0,283.0,301.0,95.305,30.593,41.18,23.532
2024,1,R,SAI,55,Ferrari,57,3,HARD,22,true,3,false,1,9034.73,239.0,269.0,282.0,305.0,95.327,30.55,41.125,23.652
2024,1,R,LEC,16,Ferrari,1,1,SOFT,4,false,2,false,12,3599.911,232.0,252.0,278.0,255.0,98.271,,41.549,23.635
2024,1,R,LEC,16,Ferrari,2,1,SOFT,5,false,2,true,1,3698.476,232.0,240.0,277.0,293.0,96.862,31.166,41.864,23.832
2024,1,R,LEC,16,Ferrari,3,1,SOFT,6,false,3,false,1,3795.338,234.0,256.0,283.0,296.0,98.062,31.223,42.856,23.983
2024,1,R,LEC,16,Ferrari,4,1,SOFT,7,false,3,false,1,3893.4,233.0,242.0,279.0,313.0,97.752,30.958,42.784,24.01
2024,1,R,LEC,16,Ferrari,5,1,SOFT,8,false,3,false,1,3991.152,232.0,242.0,283.0,298.0,98.131,31.192,42.872,24.067
2024,1,R,LEC,16,Ferrari,6,1,SOFT,9,false,3,false,1,4089.283,230.0,242.0,283.0,312.0,97.782,30.936,42.751,24.095
2024,1,R,LEC,16,Ferrari,7,1,SOFT,10,false,4,false,1,4187.065,231.0,246.0,285.0,310.0,98.957,31.008,43.761,24.188
2024,1,R,LEC,16,Ferrari,8,1,SOFT,11,false,4,false,1,4286.022,232.0,258.0,284.0,316.0,98.136,31.2,42.753,24.183
2024,1,R,LEC,16,Ferrari,9,1,SOFT,12,false,4,false,1,4384.158,229.0,258.0,283.0,314.0,97.844,31.147,42.533,24.164
2024,1,R,LEC,16,Ferrari,10,1,SOFT,13,false,4,false,12,4482.002,230.0,254.0,279.0,316.0,97.884,30.988,42.534,24.362
2024,1,R,LEC,16,Ferrari,11,1,SOFT,14,false,6,false,1,4579.886,229.0,255.0,,297.0,101.737,32.241,42.647,26.849
2024,1,R,LEC,16,Ferrari,12,2,HARD,1,true,13,false,1,4681.623,234.0,257.0,283.0,220.0,117.471,51.178,42.371,23.922
2024,1,R,LEC,16,Ferrari,13,2,HARD,2,true,9,true,1,4799.094,235.0,254.0,282.0,314.0,96.432,30.58,42.173,23.679
2024,1,R,LEC,16,Ferrari,14,2,HARD,3,true,8,false,1,4895.526,236.0,247.0,282.0,305.0,96.756,30.787,42.232,23.737
2024,1,R,LEC,16,Ferrari,15,2,HARD,4,true,6,false,1,4992.282,236.0,244.0,285.0,298.0,96.813,30.831,42.256,23.726
2024,1,R,LEC,16,Ferrari,16,2,HARD,5,true,4,false,1,5089.095,236.0,259.0,285.0,320.0,96.673,30.606,42.32,23.747
2024,1,R,LEC,16,Ferrari,17,2,HARD,6,true,5,false,1,5185.768,233.0,246.0,279.0,318.0,97.302,31.109,42.332,23.861
2024,1,R,LEC,16,Ferrari,18,2,HARD,7,true,5,false,1,5283.07,233.0,243.0,279.0,298.0,97.438,31.18,42.467,23.791
2024,1,R,LEC,16,Ferrari,19,2,HARD,8,true,5,false,1,5380.508,234.0,262.0,280.0,298.0,96.821,30.986,42.03,23.805
2024,1,R,LEC,16,Ferrari,20,2,HARD,9,true,5,false,1,5477.329,234.0,262.0,280.0,299.0,96.794,30.839,42.103,23.852
2024,1,R,LEC,16,Ferrari,21,2,HARD,10,true,5,false,1,5574.123,234.0,258.0,280.0,300.0,96.977,31.089,42.091,23.797
2024,1,R,LEC,16,Ferrari,22,2,HARD,11,true,5,false,1,5671.1,234.0,257.0,280.0,299.0,96.796,30.994,41.976,23.826
2024,1,R,LEC,16,Ferrari,23,2,HARD,12,true,5,false,1,5767.896,235.0,261.0,280.0,300.0,96.987,31.131,41.941,23.915
2024,1,R,LEC,16,Ferrari,24,2,HARD,13,true,5,false,1,5864.883,234.0,258.0,280.0,298.0,96.924,31.083,41.904,23.937
2024,1,R,LEC,16,Ferrari,25,2,HARD,14,true,5,false,1,5961.807,234.0,259.0,280.0,299.0,96.76,31.059,41.828,23.873
2024,1,R,LEC,16,Ferrari,26,2,HARD,15,true,5,false,1,6058.567,234.0,259.0,280.0,300.0,96.81,30.991,41.901,23.918
2024,1,R,LEC,16,Ferrari,27,2,HARD,16,true,5,false,1,6155.377,235.0,260.0,281.0,301.0,96.831,31.081,41.881,23.869
2024,1,R,LEC,16,Ferrari,28,2,HARD,17,true,5,false,1,6252.208,234.0,261.0,280.0,300.0,96.907,31.019,41.971,23.917
2024,1,R,LEC,16,Ferrari,29,2,HARD,18,true,5,false,1,6349.115,236.0,259.0,280.0,300.0,96.963,30.974,42.065,23.924
2024,1,R,LEC,16,Ferrari,30,2,HARD,19,true,5,false,1,6446.078,235.0,260.0,281.0,301.0,97.158,31.134,42.03,23.994
2024,1,R,LEC,16,Ferrari,31,2,HARD,20,true,4,false,1,6543.236,236.0,260.0,279.0,300.0,97.031,30.999,42.079,23.953
2024,1,R,LEC,16,Ferrari,32,2,HARD,21,true,4,false,1,6640.267,233.0,259.0,279.0,294.0,96.941,31.153,41.922,23.866
2024,1,R,LEC,16,Ferrari,33,2,HARD,22,true,4,false,1,6737.208,237.0,261.0,279.0,298.0,96.741,30.99,41.868,23.883
2024,1,R,LEC,16,Ferrari,34,2,HARD,23,true,4,false,1,6833.949,237.0,260.0,,296.0,99.614,31.219,41.932,26.463
2024,1,R,LEC,16,Ferrari,35,3,HARD,1,true,6,false,1,6933.563,235.0,265.0,289.0,219.0,116.166,51.681,41.26,23.225
2024,1,R,LEC,16,Ferrari,36,3,HARD,2,true,5,true,1,7049.729,238.0,262.0,281.0,318.0,94.09,30.063,40.65,23.377
2024,1,R,LEC,16,Ferrari,37,3,HARD,3,true,5,false,1,7143.819,235.0,256.0,281.0,293.0,94.897,30.611,40.962,23.324
2024,1,R,LEC,16,Ferrari,38,3,HARD,4,true,5,false,1,7238.716,236.0,256.0,283.0,298.0,94.783,30.55,40.953,23.28
2024,1,R,LEC,16,Ferrari,39,3,HARD,5,true,5,false,1,7333.499,236.0,260.0,282.0,298.0,95.087,30.604,41.077,23.406
2024,1,R,LEC,16,Ferrari,40,3,HARD,6,true,5,false,1,7428.586,237.0,267.0,283.0,299.0,94.859,30.507,40.836,23.516
2024,1,R,LEC,16,Ferrari,41,3,HARD,7,true,5,false,1,7523.445,236.0,264.0,284.0,299.0,95.028,30.539,41.033,23.456
2024,1,R,LEC,16,Ferrari,42,3,HARD,8,true,5,false,1,7618.473,235.0,262.0,288.0,305.0,94.982,30.413,41.067,23.502
2024,1,R,LEC,16,Ferrari,43,3,HARD,9,true,5,false,1,7713.455,236.0,261.0,287.0,315.0,95.192,30.286,41.367,23.539
2024,1,R,LEC,16,Ferrari,44,3,HARD,10,true,5,false,1,7808.647,234.0,261.0,288.0,313.0,95.051,30.468,41.124,23.459
2024,1,R,LEC,16,Ferrari,45,3,HARD,11,true,5,false,1,7903.698,238.0,264.0,288.0,318.0,95.22,30.355,41.281,23.584
2024,1,R,LEC,16,Ferrari,46,3,HARD,12,true,4,false,1,7998.918,240.0,267.0,282.0,320.0,95.058,30.238,41.4,23.42
2024,1,R,LEC,16,Ferrari,47,3,HARD,13,true,4,false,1,8093.976,236.0,262.0,281.0,301.0,95.057,30.577,41.115,23.365
2024,1,R,LEC,16,Ferrari,48,3,HARD,14,true,4,false,1,8189.033,236.0,262.0,281.0,295.0,95.308,30.64,41.183,23.485
2024,1,R,LEC,16,Ferrari,49,3,HARD,15,true,4,false,1,8284.341,238.0,265.0,281.0,298.0,95.302,30.689,41.12,23.493
2024,1,R,LEC,16,Ferrari,50,3,HARD,16,true,4,false,1,8379.643,238.0,266.0,281.0,299.0,95.383,30.639,41.285,23.459
2024,1,R,LEC,16,Ferrari,51,3,HARD,17,true,4,false,1,8475.026,237.0,267.0,281.0,299.0,95.418,30.721,41.116,23.581
2024,1,R,LEC,16,Ferrari,52,3,HARD,18,true,4,false,1,8570.444,238.0,265.0,280.0,298.0,95.394,30.693,41.156,23.545
2024,1,R,LEC,16,Ferrari,53,3,HARD,19,true,4,false,1,8665.838,239.0,265.0,281.0,299.0,95.48,30.777,41.227,23.476
2024,1,R,LEC,16,Ferrari,54,3,HARD,20,true,4,false,1,8761.318,238.0,266.0,281.0,301.0,95.265,30.7,41.077,23.488
2024,1,R,LEC,16,Ferrari,55,3,HARD,21,true,4,false,1,8856.583,237.0,267.0,281.0,299.0,95.785,30.857,41.308,23.62
2024,1,R,LEC,16,Ferrari,56,3,HARD,22,true,4,false,1,8952.368,238.0,266.0,281.0,299.0,95.924,30.744,41.565,23.615
2024,1,R,LEC,16,Ferrari,57,3,HARD,23,true,4,false,1,9048.292,238.0,262.0,265.0,299.0,96.324,30.856,41.655,23.813
2024,1,R,RUS,63,Mercedes,1,1,SOFT,4,false,3,false,12,3599.911,225.0,252.0,279.0,256.0,99.228,,42.099,23.694
2024,1,R,RUS,63,Mercedes,2,1,SOFT,5,false,3,true,1,3699.433,230.0,253.0,283.0,298.0,96.635,30.829,42.038,23.768
2024,1,R,RUS,63,Mercedes,3,1,SOFT,6,false,2,true,1,3796.068,232.0,250.0,278.0,318.0,96.406,30.367,42.202,23.837
2024,1,R,RUS,63,Mercedes,4,1,SOFT,7,false,2,false,1,3892.474,223.0,247.0,269.0,296.0,97.738,31.135,42.609,23.994
2024,1,R,RUS,63,Mercedes,5,1,SOFT,8,false,2,false,1,3990.212,225.0,250.0,277.0,287.0,98.116,31.636,42.573,23.907
2024,1,R,RUS,63,Mercedes,6,1,SOFT,9,false,2,false,1,4088.328,225.0,252.0,277.0,289.0,97.784,31.36,42.508,23.916
2024,1,R,RUS,63,Mercedes,7,1,SOFT,10,false,2,false,1,4186.112,226.0,251.0,278.0,286.0,98.082,31.48,42.577,24.025
2024,1,R,RUS,63,Mercedes,8,1,SOFT,11,false,2,false,1,4284.194,230.0,246.0,278.0,288.0,97.862,31.238,42.646,23.978
2024,1,R,RUS,63,Mercedes,9,1,SOFT,12,false,2,false,1,4382.056,231.0,246.0,278.0,292.0,97.73,31.12,42.578,24.032
2024,1,R,RUS,63,Mercedes,10,1,SOFT,13,false,2,false,12,4479.786,226.0,255.0,277.0,288.0,97.782,31.247,42.538,23.997
2024,1,R,RUS,63,Mercedes,11,1,SOFT,14,false,4,false,1,4577.568,229.0,251.0,,284.0,100.515,31.392,42.646,26.477
2024,1,R,RUS,63,Mercedes,12,2,HARD,1,true,11,false,1,4678.083,229.0,254.0,281.0,215.0,118.46,52.57,42.189,23.701
2024,1,R,RUS,63,Mercedes,13,2,HARD,2,true,7,false,1,4796.543,232.0,254.0,284.0,296.0,97.167,30.759,42.479,23.929
2024,1,R,RUS,63,Mercedes,14,2,HARD,3,true,7,false,1,4893.71,218.0,255.0,279.0,319.0,97.571,30.851,42.74,23.98
2024,1,R,RUS,63,Mercedes,15,2,HARD,4,true,4,false,1,4991.281,230.0,251.0,280.0,291.0,96.922,31.038,42.152,23.732
2024,1,R,RUS,63,Mercedes,16,2,HARD,5,true,3,false,1,5088.203,227.0,257.0,278.0,295.0,96.683,31.03,42.084,23.569
2024,1,R,RUS,63,Mercedes,17,2,HARD,6,true,3,true,1,5184.886,228.0,256.0,278.0,298.0,96.234,30.747,41.766,23.721
2024,1,R,RUS,63,Mercedes,18,2,HARD,7,true,4,false,1,5281.12,232.0,257.0,274.0,290.0,97.819,31.462,42.532,23.825
2024,1,R,RUS,63,Mercedes,19,2,HARD,8,true,4,false,1,5378.939,228.0,247.0,280.0,293.0,97.233,31.101,42.267,23.865
2024,1,R,RUS,63,Mercedes,20,2,HARD,9,true,4,false,1,5476.172,229.0,250.0,280.0,292.0,96.732,30.862,42.099,23.771
2024,1,R,RUS,63,Mercedes,21,2,HARD,10,true,4,false,1,5572.904,229.0,253.0,280.0,294.0,96.769,30.87,42.18,23.719
2024,1,R,RUS,63,Mercedes,22,2,HARD,11,true,4,false,1,5669.673,229.0,248.0,280.0,295.0,96.992,30.84,42.313,23.839
2024,1,R,RUS,63,Mercedes,23,2,HARD,12,true,4,false,1,5766.665,229.0,256.0,280.0,290.0,96.954,31.043,42.088,23.823
2024,1,R,RUS,63,Mercedes,24,2,HARD,13,true,4,false,1,5863.619,231.0,246.0,280.0,295.0,96.736,30.867,42.107,23.762
2024,1,R,RUS,63,Mercedes,25,2,HARD,14,true,4,false,1,5960.355,231.0,250.0,280.0,295.0,96.928,30.941,42.199,23.788
2024,1,R,RUS,63,Mercedes,26,2,HARD,15,true,4,false,1,6057.283,232.0,258.0,280.0,295.0,96.801,30.867,42.161,23.773
2024,1,R,RUS,63,Mercedes,27,2,HARD,16,true,4,false,1,6154.084,232.0,253.0,280.0,294.0,96.815,30.93,42.115,23.77
2024,1,R,RUS,63,Mercedes,28,2,HARD,17,true,4,false,1,6250.899,231.0,254.0,280.0,294.0,96.911,30.98,42.149,23.782
2024,1,R,RUS,63,Mercedes,29,2,HARD,18,true,4,false,1,6347.81,231.0,257.0,280.0,295.0,97.066,30.993,42.224,23.849
2024,1,R,RUS,63,Mercedes,30,2,HARD,19,true,4,false,1,6444.876,232.0,252.0,280.0,294.0,97.186,31.03,42.221,23.935
2024,1,R,RUS,63,Mercedes,31,2,HARD,20,true,5,false,1,6542.062,232.0,260.0,,295.0,99.405,31.061,42.153,26.191
2024,1,R,RUS,63,Mercedes,32,3,HARD,1,true,9,false,1,6641.467,230.0,257.0,282.0,217.0,117.267,52.151,41.641,23.475
2024,1,R,RUS,63,Mercedes,33,3,HARD,2,true,9,true,1,6758.734,232.0,246.0,293.0,301.0,95.838,30.638,41.572,23.628
2024,1,R,RUS,63,Mercedes,34,3,HARD,3,true,6,true,1,6854.572,234.0,254.0,281.0,309.0,95.241,30.286,41.651,23.304
2024,1,R,RUS,63,Mercedes,35,3,HARD,4,true,4,false,1,6949.813,234.0,244.0,281.0,297.0,95.772,30.587,41.817,23.368
2024,1,R,RUS,63,Mercedes,36,3,HARD,5,true,4,false,1,7045.585,235.0,253.0,281.0,296.0,95.434,30.608,41.494,23.332
2024,1,R,RUS,63,Mercedes,37,3,HARD,6,true,4,false,1,7141.019,234.0,251.0,281.0,298.0,95.481,30.566,41.586,23.329
2024,1,R,RUS,63,Mercedes,38,3,HARD,7,true,4,false,1,7236.5,233.0,259.0,281.0,297.0,95.479,30.6,41.469,23.41
2024,1,R,RUS,63,Mercedes,39,3,HARD,8,true,4,true,1,7331.979,235.0,260.0,282.0,299.0,95.204,30.547,41.329,23.328
2024,1,R,RUS,63,Mercedes,40,3,HARD,9,true,4,true,1,7427.183,236.0,261.0,282.0,299.0,95.065,30.39,41.347,23.328
2024,1,R,RUS,63,Mercedes,41,3,HARD,10,true,4,false,1,7522.248,235.0,263.0,282.0,296.0,95.093,30.541,41.25,23.302
2024,1,R,RUS,63,Mercedes,42,3,HARD,11,true,4,false,1,7617.341,236.0,265.0,282.0,294.0,95.136,30.57,41.196,23.37
2024,1,R,RUS,63,Mercedes,43,3,HARD,12,true,4,false,1,7712.477,235.0,265.0,282.0,294.0,95.193,30.626,41.237,23.33
2024,1,R,RUS,63,Mercedes,44,3,HARD,13,true,4,false,1,7807.67,236.0,265.0,281.0,295.0,95.162,30.573,41.252,23.337
2024,1,R,RUS,63,Mercedes,45,3,HARD,14,true,4,false,1,7902.832,236.0,267.0,283.0,300.0,95.276,30.599,41.328,23.349
2024,1,R,RUS,63,Mercedes,46,3,HARD,15,true,5,false,1,7998.108,236.0,263.0,288.0,302.0,96.657,30.649,42.244,23.764
2024,1,R,RUS,63,Mercedes,47,3,HARD,16,true,5,false,1,8094.765,233.0,264.0,283.0,323.0,95.805,30.525,41.724,23.556
2024,1,R,RUS,63,Mercedes,48,3,HARD,17,true,5,false,1,8190.57,234.0,251.0,282.0,305.0,96.059,30.794,41.795,23.47
2024,1,R,RUS,63,Mercedes,49,3,HARD,18,true,5,false,1,8286.629,236.0,258.0,283.0,299.0,95.954,30.723,41.727,23.504
2024,1,R,RUS,63,Mercedes,50,3,HARD,19,true,5,false,1,8382.583,234.0,260.0,282.0,300.0,96.181,30.691,41.93,23.56
2024,1,R,RUS,63,Mercedes,51,3,HARD,20,true,5,false,1,8478.764,236.0,261.0,282.0,305.0,95.852,30.639,41.734,23.479
2024,1,R,RUS,63,Mercedes,52,3,HARD,21,true,5,false,1,8574.616,237.0,257.0,283.0,303.0,96.186,30.678,41.927,23.581
2024,1,R,RUS,63,Mercedes,53,3,HARD,22,true,5,false,1,8670.802,237.0,263.0,283.0,302.0,95.979,30.752,41.74,23.487
2024,1,R,RUS,63,Mercedes,54,3,HARD,23,true,5,false,1,8766.781,236.0,261.0,282.0,302.0,96.013,30.744,41.687,23.582
2024,1,R,RUS,63,Mercedes,55,3,HARD,24,true,5,false,1,8862.794,237.0,263.0,282.0,303.0,96.151,30.818,41.709,23.624
2024,1,R,RUS,63,Mercedes,56,3,HARD,25,true,5,false,1,8958.945,236.0,263.0,282.0,298.0,96.35,30.808,41.885,23.657
2024,1,R,RUS,63,Mercedes,57,3,HARD,26,true,5,false,1,9055.295,235.0,261.0,283.0,300.0,96.44,30.765,42.018,23.657
2024,1,R,NOR,4,McLaren,1,1,SOFT,4,false,7,false,12,3599.911,233.0,247.0,278.0,237.0,102.168,,43.309,24.244
2024,1,R,NOR,4,McLaren,2,1,SOFT,5,false,7,true,1,3702.373,231.0,249.0,285.0,298.0,98.01,31.353,42.618,24.039
2024,1,R,NOR,4,McLaren,3,1,SOFT,6,false,6,true,1,3800.383,229.0,254.0,275.0,318.0,97.787,31.112,42.476,24.199
2024,1,R,NOR,4,McLaren,4,1,SOFT,7,false,6,true,1,3898.17,232.0,253.0,276.0,294.0,97.45,31.115,42.193,24.142
2024,1,R,NOR,4,McLaren,5,1,SOFT,8,false,6,true,1,3995.62,227.0,248.0,276.0,294.0,97.794,31.258,42.379,24.157
2024,1,R,NOR,4,McLaren,6,1,SOFT,9,false,6,false,1,4093.414,227.0,248.0,276.0,301.0,97.896,31.027,42.622,24.247
2024,1,R,NOR,4,McLaren,7,1,SOFT,10,false,6,false,1,4191.31,229.0,246.0,276.0,302.0,97.86,31.074,42.514,24.272
2024,1,R,NOR,4,McLaren,8,1,SOFT,11,false,6,false,1,4289.17,227.0,247.0,277.0,303.0,98.134,31.171,42.688,24.275
2024,1,R,NOR,4,McLaren,9,1,SOFT,12,false,6,false,1,4387.304,228.0,250.0,276.0,302.0,98.064,31.051,42.721,24.292
2024,1,R,NOR,4,McLaren,10,1,SOFT,13,false,6,false,12,4485.368,228.0,249.0,276.0,302.0,97.936,31.019,42.563,24.354
2024,1,R,NOR,4,McLaren,11,1,SOFT,14,false,5,false,1,4583.304,229.0,250.0,277.0,302.0,98.172,31.163,42.74,24.269
2024,1,R,NOR,4,McLaren,12,1,SOFT,15,false,4,false,1,4681.476,229.0,251.0,277.0,300.0,98.082,31.232,42.561,24.289
2024,1,R,NOR,4,McLaren,13,1,SOFT,16,false,3,false,1,4779.558,229.0,251.0,,300.0,100.635,31.225,42.508,26.902
2024,1,R,NOR,4,McLaren,14,2,HARD,1,true,9,false,1,4880.193,232.0,246.0,278.0,220.0,117.77,51.681,42.243,23.846
2024,1,R,NOR,4,McLaren,15,2,HARD,2,true,8,true,1,4997.963,234.0,244.0,279.0,294.0,96.912,31.011,42.058,23.843
2024,1,R,NOR,4,McLaren,16,2,HARD,3,true,6,true,1,5094.875,233.0,249.0,280.0,298.0,96.565,30.716,42.031,23.818
2024,1,R,NOR,4,McLaren,17,2,HARD,4,true,6,false,1,5191.44,233.0,248.0,278.0,296.0,96.776,31.049,41.973,23.754
2024,1,R,NOR,4,McLaren,18,2,HARD,5,true,6,true,1,5288.216,232.0,251.0,277.0,296.0,96.508,30.803,41.777,23.928
2024,1,R,NOR,4,McLaren,19,2,HARD,6,true,6,true,1,5384.724,235.0,254.0,278.0,295.0,96.416,30.87,41.774,23.772
2024,1,R,NOR,4,McLaren,20,2,HARD,7,true,6,false,1,5481.14,233.0,250.0,278.0,295.0,96.501,30.817,41.871,23.813
2024,1,R,NOR,4,McLaren,21,2,HARD,8,true,6,false,1,5577.641,235.0,253.0,278.0,296.0,96.62,30.889,41.825,23.906
2024,1,R,NOR,4,McLaren,22,2,HARD,9,true,6,false,1,5674.261,236.0,257.0,278.0,296.0,96.668,30.839,41.822,24.007
2024,1,R,NOR,4,McLaren,23,2,HARD,10,true,6,false,1,5770.929,235.0,256.0,278.0,296.0,96.696,30.92,41.877,23.899
2024,1,R,NOR,4,McLaren,24,2,HARD,11,true,6,false,1,5867.625,236.0,254.0,278.0,296.0,96.823,30.89,42.047,23.886
2024,1,R,NOR,4,McLaren,25,2,HARD,12,true,6,false,1,5964.448,235.0,257.0,279.0,302.0,96.73,30.923,41.924,23.883
2024,1,R,NOR,4,McLaren,26,2,HARD,13,true,6,false,1,6061.178,235.0,259.0,279.0,301.0,96.566,30.845,41.878,23.843
2024,1,R,NOR,4,McLaren,27,2,HARD,14,true,6,false,1,6157.744,235.0,259.0,279.0,301.0,96.726,30.873,41.939,23.914
2024,1,R,NOR,4,McLaren,28,2,HARD,15,true,6,false,1,6254.47,235.0,260.0,279.0,300.0,97.018,30.98,41.984,24.054
2024,1,R,NOR,4,McLaren,29,2,HARD,16,true,6,false,1,6351.488,234.0,260.0,279.0,300.0,97.041,30.879,42.16,24.002
2024,1,R,NOR,4,McLaren,30,2,HARD,17,true,6,false,1,6448.529,234.0,258.0,279.0,301.0,96.986,30.946,42.076,23.964
2024,1,R,NOR,4,McLaren,31,2,HARD,18,true,6,false,1,6545.515,235.0,257.0,279.0,302.0,97.083,30.944,42.127,24.012
2024,1,R,NOR,4,McLaren,32,2,HARD,19,true,5,false,1,6642.598,235.0,260.0,279.0,300.0,97.171,30.994,42.14,24.037
2024,1,R,NOR,4,McLaren,33,2,HARD,20,true,5,false,1,6739.769,234.0,261.0,,301.0,99.626,31.223,42.016,26.387
2024,1,R,NOR,4,McLaren,34,3,HARD,1,true,8,false,1,6839.395,235.0,246.0,282.0,218.0,116.898,51.869,41.547,23.482
2024,1,R,NOR,4,McLaren,35,3,HARD,2,true,7,true,1,6956.293,238.0,267.0,287.0,301.0,94.476,30.32,40.838,23.318
2024,1,R,NOR,4,McLaren,36,3,HARD,3,true,6,false,1,7050.769,234.0,254.0,281.0,316.0,95.69,30.162,42.072,23.456
2024,1,R,NOR,4,McLaren,37,3,HARD,4,true,6,false,1,7146.459,237.0,250.0,280.0,304.0,95.067,30.355,41.339,23.373
2024,1,R,NOR,4,McLaren,38,3,HARD,5,true,6,false,1,7241.526,237.0,263.0,280.0,302.0,95.149,30.48,41.161,23.508
2024,1,R,NOR,4,McLaren,39,3,HARD,6,true,6,false,1,7336.675,236.0,256.0,280.0,301.0,94.88,30.35,41.047,23.483
2024,1,R,NOR,4,McLaren,40,3,HARD,7,true,6,false,1,7431.555,237.0,258.0,277.0,303.0,95.276,30.366,41.222,23.688
2024,1,R,NOR,4,McLaren,41,3,HARD,8,true,6,false,1,7526.831,236.0,261.0,281.0,303.0,95.069,30.318,41.261,23.49
2024,1,R,NOR,4,McLaren,42,3,HARD,9,true,6,false,1,7621.9,237.0,259.0,281.0,302.0,95.165,30.402,41.212,23.551
2024,1,R,NOR,4,McLaren,43,3,HARD,10,true,6,false,1,7717.065,236.0,260.0,280.0,303.0,95.295,30.462,41.196,23.637
2024,1,R,NOR,4,McLaren,44,3,HARD,11,true,6,false,1,7812.36,236.0,257.0,280.0,304.0,95.346,30.488,41.267,23.591
2024,1,R,NOR,4,McLaren,45,3,HARD,12,true,6,false,1,7907.706,236.0,261.0,280.0,302.0,95.338,30.468,41.24,23.63
2024,1,R,NOR,4,McLaren,46,3,HARD,13,true,6,false,1,8003.044,236.0,264.0,281.0,302.0,95.371,30.485,41.244,23.642
2024,1,R,NOR,4,McLaren,47,3,HARD,14,true,6,false,1,8098.415,236.0,261.0,281.0,299.0,95.485,30.546,41.341,23.598
2024,1,R,NOR,4,McLaren,48,3,HARD,15,true,6,false,1,8193.9,236.0,262.0,280.0,303.0,95.717,30.638,41.369,23.71
2024,1,R,NOR,4,McLaren,49,3,HARD,16,true,6,false,1,8289.617,236.0,263.0,282.0,302.0,95.674,30.64,41.34,23.694
2024,1,R,NOR,4,McLaren,50,3,HARD,17,true,6,false,1,8385.291,236.0,264.0,281.0,303.0,95.657,30.563,41.375,23.719
2024,1,R,NOR,4,McLaren,51,3,HARD,18,true,6,false,1,8480.948,236.0,265.0,282.0,303.0,96.038,30.786,41.516,23.736
2024,1,R,NOR,4,McLaren,52,3,HARD,19,true,6,false,1,8576.986,238.0,268.0,282.0,300.0,95.922,30.655,41.461,23.806
2024,1,R,NOR,4,McLaren,53,3,HARD,20,true,6,false,1,8672.908,237.0,268.0,282.0,303.0,95.782,30.666,41.392,23.724
2024,1,R,NOR,4,McLaren,54,3,HARD,21,true,6,false,1,8768.69,233.0,268.0,282.0,304.0,95.934,30.672,41.387,23.875
2024,1,R,NOR,4,McLaren,55,3,HARD,22,true,6,false,1,8864.624,232.0,269.0,282.0,302.0,96.223,31.035,41.372,23.816
2024,1,R,NOR,4,McLaren,56,3,HARD,23,true,6,false,1,8960.847,233.0,270.0,282.0,305.0,95.976,30.691,41.471,23.814
2024,1,R,NOR,4,McLaren,57,3,HARD,24,true,6,false,1,9056.823,234.0,270.0,283.0,304.0,96.582,30.771,41.992,23.819
2024,1,R,HAM,44,Mercedes,1,1,SOFT,4,false,9,false,12,3599.911,229.0,246.0,278.0,249.0,103.122,,43.609,24.393
2024,1,R,HAM,44,Mercedes,2,1,SOFT,5,false,9,true,1,3703.327,229.0,245.0,286.0,301.0,98.273,31.287,42.893,24.093
2024,1,R,HAM,44,Mercedes,3,1,SOFT,6,false,9,false,1,3801.6,231.0,246.0,286.0,311.0,98.303,31.062,43.099,24.142
2024,1,R,HAM,44,Mercedes,4,1,SOFT,7,false,9,false,1,3899.903,228.0,243.0,284.0,297.0,98.287,30.983,43.146,24.158
2024,1,R,HAM,44,Mercedes,5,1,SOFT,8,false,9,false,1,3998.19,228.0,245.0,287.0,296.0,98.35,31.14,43.01,24.2
2024,1,R,HAM,44,Mercedes,6,1,SOFT,9,false,9,true,1,4096.54,230.0,247.0,286.0,301.0,98.183,31.124,42.887,24.172
2024,1,R,HAM,44,Mercedes,7,1,SOFT,10,false,9,true,1,4194.723,229.0,248.0,287.0,293.0,97.839,30.829,42.823,24.187
2024,1,R,HAM,44,Mercedes,8,1,SOFT,11,false,9,false,1,4292.562,229.0,248.0,285.0,304.0,98.221,31.079,42.886,24.256
2024,1,R,HAM,44,Mercedes,9,1,SOFT,12,false,9,false,1,4390.783,230.0,247.0,288.0,311.0,98.645,31.088,43.171,24.386
2024,1,R,HAM,44,Mercedes,10,1,SOFT,13,false,8,false,12,4489.428,228.0,247.0,278.0,320.0,98.037,30.931,42.821,24.285
2024,1,R,HAM,44,Mercedes,11,1,SOFT,14,false,8,false,1,4587.465,228.0,249.0,279.0,290.0,98.236,31.279,42.819,24.138
2024,1,R,HAM,44,Mercedes,12,1,SOFT,15,false,7,false,1,4685.701,228.0,245.0,,294.0,100.889,31.206,42.881,26.802
2024,1,R,HAM,44,Mercedes,13,2,HARD,1,true,12,false,1,4786.59,229.0,242.0,276.0,216.0,118.645,52.396,42.491,23.758
2024,1,R,HAM,44,Mercedes,14,2,HARD,2,true,11,true,1,4905.235,231.0,246.0,281.0,288.0,97.178,31.073,42.404,23.701
2024,1,R,HAM,44,Mercedes,15,2,HARD,3,true,10,false,1,5002.413,229.0,243.0,280.0,288.0,97.264,31.095,42.315,23.854
2024,1,R,HAM,44,Mercedes,16,2,HARD,4,true,8,true,1,5099.677,229.0,243.0,280.0,286.0,97.091,31.165,42.207,23.719
2024,1,R,HAM,44,Mercedes,17,2,HARD,5,true,8,false,1,5196.768,231.0,247.0,281.0,295.0,97.111,30.738,42.64,23.733
2024,1,R,HAM,44,Mercedes,18,2,HARD,6,true,8,true,1,5293.879,231.0,250.0,280.0,295.0,96.85,30.825,42.221,23.804
2024,1,R,HAM,44,Mercedes,19,2,HARD,7,true,8,true,1,5390.729,232.0,252.0,279.0,292.0,96.694,30.848,42.131,23.715
2024,1,R,HAM,44,Mercedes,20,2,HARD,8,true,8,true,1,5487.423,232.0,254.0,280.0,295.0,96.264,30.768,41.794,23.702
2024,1,R,HAM,44,Mercedes,21,2,HARD,9,true,8,false,1,5583.687,233.0,254.0,280.0,294.0,96.51,30.757,42.003,23.75
2024,1,R,HAM,44,Mercedes,22,2,HARD,10,true,8,false,1,5680.197,233.0,252.0,280.0,295.0,96.633,30.733,42.141,23.759
2024,1,R,HAM,44,Mercedes,23,2,HARD,11,true,8,false,1,5776.83,233.0,254.0,281.0,294.0,96.717,30.884,42.063,23.77
2024,1,R,HAM,44,Mercedes,24,2,HARD,12,true,8,false,1,5873.547,232.0,253.0,281.0,294.0,96.666,30.826,42.1,23.74
2024,1,R,HAM,44,Mercedes,25,2,HARD,13,true,8,false,1,5970.213,234.0,254.0,280.0,297.0,96.919,31.037,42.09,23.792
2024,1,R,HAM,44,Mercedes,26,2,HARD,14,true,8,false,1,6067.132,233.0,256.0,281.0,298.0,96.714,30.847,42.095,23.772
2024,1,R,HAM,44,Mercedes,27,2,HARD,15,true,8,false,1,6163.846,234.0,255.0,281.0,296.0,97.201,30.891,42.39,23.92
2024,1,R,HAM,44,Mercedes,28,2,HARD,16,true,8,false,1,6261.047,233.0,257.0,282.0,298.0,96.692,30.907,41.948,23.837
2024,1,R,HAM,44,Mercedes,29,2,HARD,17,true,8,false,1,6357.739,233.0,259.0,281.0,298.0,96.786,30.897,42.023,23.866
2024,1,R,HAM,44,Mercedes,30,2,HARD,18,true,8,false,1,6454.525,232.0,259.0,281.0,296.0,97.244,30.945,42.37,23.929
2024,1,R,HAM,44,Mercedes,31,2,HARD,19,true,8,false,1,6551.769,233.0,258.0,282.0,299.0,96.975,30.837,42.175,23.963
2024,1,R,HAM,44,Mercedes,32,2,HARD,20,true,7,false,1,6648.744,234.0,260.0,282.0,298.0,97.325,31.076,42.235,24.014
2024,1,R,HAM,44,Mercedes,33,2,HARD,21,true,7,false,1,6746.069,233.0,259.0,,300.0,99.696,30.937,42.399,26.36
2024,1,R,HAM,44,Mercedes,34,3,HARD,1,true,9,false,1,6845.765,232.0,257.0,282.0,219.0,114.974,50.966,40.903,23.105
2024,1,R,HAM,44,Mercedes,35,3,HARD,2,true,8,true,1,6960.739,239.0,246.0,283.0,302.0,95.489,30.776,41.304,23.409
2024,1,R,HAM,44,Mercedes,36,3,HARD,3,true,8,true,1,7056.228,237.0,252.0,284.0,297.0,95.279,30.303,41.653,23.323
2024,1,R,HAM,44,Mercedes,37,3,HARD,4,true,8,false,1,7151.507,234.0,254.0,290.0,302.0,95.597,30.384,41.575,23.638
2024,1,R,HAM,44,Mercedes,38,3,HARD,5,true,8,true,1,7247.104,233.0,257.0,290.0,316.0,94.966,30.06,41.423,23.483
2024,1,R,HAM,44,Mercedes,39,3,HARD,6,true,7,true,1,7342.07,233.0,258.0,282.0,313.0,94.722,30.17,41.159,23.393
2024,1,R,HAM,44,Mercedes,40,3,HARD,7,true,7,false,1,7436.792,235.0,260.0,282.0,296.0,95.041,30.443,41.198,23.4
2024,1,R,HAM,44,Mercedes,41,3,HARD,8,true,7,false,1,7531.833,235.0,263.0,282.0,297.0,94.94,30.463,41.116,23.361
2024,1,R,HAM,44,Mercedes,42,3,HARD,9,true,7,false,1,7626.773,235.0,260.0,283.0,298.0,94.996,30.426,41.13,23.44
2024,1,R,HAM,44,Mercedes,43,3,HARD,10,true,7,false,1,7721.769,235.0,259.0,282.0,297.0,94.935,30.437,41.134,23.364
2024,1,R,HAM,44,Mercedes,44,3,HARD,11,true,7,false,1,7816.704,235.0,262.0,282.0,297.0,95.169,30.494,41.229,23.446
2024,1,R,HAM,44,Mercedes,45,3,HARD,12,true,7,false,1,7911.873,236.0,261.0,282.0,298.0,95.184,30.483,41.299,23.402
2024,1,R,HAM,44,Mercedes,46,3,HARD,13,true,7,false,1,8007.057,235.0,264.0,282.0,300.0,95.285,30.569,41.258,23.458
2024,1,R,HAM,44,Mercedes,47,3,HARD,14,true,7,false,1,8102.342,236.0,262.0,282.0,296.0,95.226,30.514,41.311,23.401
2024,1,R,HAM,44,Mercedes,48,3,HARD,15,true,7,false,1,8197.568,236.0,263.0,282.0,296.0,96.165,30.691,41.926,23.548
2024,1,R,HAM,44,Mercedes,49,3,HARD,16,true,7,false,1,8293.733,236.0,261.0,282.0,297.0,95.914,30.616,41.819,23.479
2024,1,R,HAM,44,Mercedes,50,3,HARD,17,true,7,false,1,8389.647,236.0,263.0,282.0,302.0,95.612,30.655,41.454,23.503
2024,1,R,HAM,44,Mercedes,51,3,HARD,18,true,7,false,1,8485.259,235.0,264.0,282.0,298.0,95.532,30.597,41.403,23.532
2024,1,R,HAM,44,Mercedes,52,3,HARD,19,true,7,false,1,8580.791,237.0,267.0,283.0,299.0,95.479,30.578,41.382,23.519
2024,1,R,HAM,44,Mercedes,53,3,HARD,20,true,7,false,1,8676.27,236.0,267.0,282.0,298.0,95.55,30.643,41.252,23.655
2024,1,R,HAM,44,Mercedes,54,3,HARD,21,true,7,false,1,8771.82,236.0,265.0,283.0,299.0,95.974,30.792,41.706,23.476
2024,1,R,HAM,44,Mercedes,55,3,HARD,22,true,7,false,1,8867.794,238.0,263.0,283.0,304.0,95.633,30.602,41.487,23.544
2024,1,R,HAM,44,Mercedes,56,3,HARD,23,true,7,false,1,8963.427,238.0,267.0,284.0,304.0,95.706,30.597,41.564,23.545
2024,1,R,HAM,44,Mercedes,57,3,HARD,24,true,7,false,1,9059.133,236.0,264.0,283.0,304.0,96.138,30.687,41.847,23.604
2024,1,R,PIA,81,McLaren,1,1,SOFT,4,false,8,false,12,3599.911,232.0,252.0,281.0,259.0,102.523,,43.573,24.14
2024,1,R,PIA,81,McLaren,2,1,SOFT,5,false,8,true,1,3702.728,233.0,253.0,285.0,302.0,98.382,31.429,42.789,24.164
2024,1,R,PIA,81,McLaren,3,1,SOFT,6,false,8,true,1,3801.11,233.0,259.0,288.0,318.0,98.258,31.147,42.993,24.118
2024,1,R,PIA,81,McLaren,4,1,SOFT,7,false,8,true,1,3899.368,234.0,258.0,286.0,300.0,97.897,31.113,42.572,24.212
2024,1,R,PIA,81,McLaren,5,1,SOFT,8,false,7,true,1,3997.265,229.0,257.0,278.0,323.0,97.859,30.894,42.78,24.185
2024,1,R,PIA,81,McLaren,6,1,SOFT,9,false,7,false,1,4095.124,233.0,254.0,278.0,290.0,97.955,31.412,42.35,24.193
2024,1,R,PIA,81,McLaren,7,1,SOFT,10,false,7,false,1,4193.079,230.0,253.0,278.0,300.0,97.984,31.164,42.581,24.239
2024,1,R,PIA,81,McLaren,8,1,SOFT,11,false,7,false,1,4291.063,231.0,257.0,278.0,296.0,97.956,31.179,42.533,24.244
2024,1,R,PIA,81,McLaren,9,1,SOFT,12,false,7,false,1,4389.019,232.0,257.0,278.0,299.0,98.096,31.211,42.534,24.351
2024,1,R,PIA,81,McLaren,10,1,SOFT,13,false,7,false,12,4487.115,231.0,258.0,278.0,302.0,98.073,31.294,42.462,24.317
2024,1,R,PIA,81,McLaren,11,1,SOFT,14,false,7,false,1,4585.188,233.0,259.0,278.0,303.0,98.397,31.276,42.727,24.394
2024,1,R,PIA,81,McLaren,12,1,SOFT,15,false,5,false,1,4683.585,233.0,256.0,,302.0,100.739,31.364,42.679,26.696
2024,1,R,PIA,81,McLaren,13,2,HARD,1,true,11,false,1,4784.324,234.0,254.0,278.0,218.0,118.689,52.735,42.241,23.713
2024,1,R,PIA,81,McLaren,14,2,HARD,2,true,10,true,1,4903.013,234.0,254.0,280.0,299.0,96.796,30.92,42.057,23.819
2024,1,R,PIA,81,McLaren,15,2,HARD,3,true,9,false,1,4999.809,235.0,256.0,281.0,302.0,96.823,31.008,41.928,23.887
2024,1,R,PIA,81,McLaren,16,2,HARD,4,true,7,true,1,5096.632,235.0,258.0,280.0,305.0,96.427,30.706,41.849,23.872
2024,1,R,PIA,81,McLaren,17,2,HARD,5,true,7,false,1,5193.059,236.0,259.0,280.0,304.0,96.872,30.863,42.13,23.879
2024,1,R,PIA,81,McLaren,18,2,HARD,6,true,7,false,1,5289.931,233.0,256.0,279.0,304.0,97.095,30.958,42.15,23.987
2024,1,R,PIA,81,McLaren,19,2,HARD,7,true,7,false,1,5387.026,234.0,260.0,280.0,303.0,96.577,30.84,41.863,23.874
2024,1,R,PIA,81,McLaren,20,2,HARD,8,true,7,false,1,5483.603,234.0,263.0,280.0,302.0,96.644,30.982,41.794,23.868
2024,1,R,PIA,81,McLaren,21,2,HARD,9,true,7,false,1,5580.247,235.0,263.0,279.0,301.0,96.733,30.904,41.943,23.886
2024,1,R,PIA,81,McLaren,22,2,HARD,10,true,7,false,1,5676.98,236.0,266.0,280.0,302.0,96.555,30.87,41.812,23.873
2024,1,R,PIA,81,McLaren,23,2,HARD,11,true,7,false,1,5773.535,235.0,265.0,280.0,303.0,96.68,30.953,41.883,23.844
2024,1,R,PIA,81,McLaren,24,2,HARD,12,true,7,false,1,5870.215,235.0,265.0,279.0,301.0,96.884,31.104,41.813,23.967
2024,1,R,PIA,81,McLaren,25,2,HARD,13,true,7,false,1,5967.099,234.0,263.0,280.0,304.0,97.008,31.017,42.028,23.963
2024,1,R,PIA,81,McLaren,26,2,HARD,14,true,7,false,1,6064.107,234.0,264.0,279.0,301.0,96.882,30.94,42.004,23.938
2024,1,R,PIA,81,McLaren,27,2,HARD,15,true,7,false,1,6160.989,234.0,265.0,279.0,302.0,96.905,31.034,41.892,23.979
2024,1,R,PIA,81,McLaren,28,2,HARD,16,true,7,false,1,6257.894,235.0,264.0,279.0,300.0,96.905,31.028,41.888,23.989
2024,1,R,PIA,81,McLaren,29,2,HARD,17,true,7,false,1,6354.799,235.0,265.0,279.0,303.0,97.179,31.07,42.068,24.041
2024,1,R,PIA,81,McLaren,30,2,HARD,18,true,7,false,1,6451.978,235.0,266.0,279.0,303.0,97.177,31.02,42.067,24.09
2024,1,R,PIA,81,McLaren,31,2,HARD,19,true,7,false,1,6549.155,235.0,264.0,280.0,301.0,97.57,30.979,42.516,24.075
2024,1,R,PIA,81,McLaren,32,2,HARD,20,true,6,false,1,6646.725,236.0,266.0,280.0,302.0,97.163,30.956,42.2,24.007
2024,1,R,PIA,81,McLaren,33,2,HARD,21,true,6,false,1,6743.888,235.0,263.0,279.0,302.0,97.088,31.023,42.039,24.026
2024,1,R,PIA,81,McLaren,34,2,HARD,22,true,5,false,1,6840.976,235.0,268.0,,302.0,99.211,30.933,41.867,26.411
2024,1,R,PIA,81,McLaren,35,3,HARD,1,true,9,false,1,6940.187,234.0,260.0,281.0,223.0,119.703,53.392,42.529,23.782
2024,1,R,PIA,81,McLaren,36,3,HARD,2,true,9,true,1,7059.89,238.0,267.0,281.0,302.0,95.153,30.577,41.125,23.451
2024,1,R,PIA,81,McLaren,37,3,HARD,3,true,9,false,1,7155.043,237.0,267.0,281.0,301.0,94.774,30.469,40.772,23.533
2024,1,R,PIA,81,McLaren,38,3,HARD,4,true,9,false,1,7249.817,237.0,269.0,289.0,307.0,95.298,30.613,41.055,23.63
2024,1,R,PIA,81,McLaren,39,3,HARD,5,true,9,true,1,7345.115,238.0,270.0,289.0,325.0,94.983,30.196,41.091,23.696
2024,1,R,PIA,81,McLaren,40,3,HARD,6,true,8,false,1,7440.098,237.0,270.0,281.0,321.0,95.005,30.329,41.07,23.606
2024,1,R,PIA,81,McLaren,41,3,HARD,7,true,8,false,1,7535.103,237.0,270.0,281.0,301.0,95.109,30.504,41.055,23.55
2024,1,R,PIA,81,McLaren,42,3,HARD,8,true,8,false,1,7630.212,238.0,270.0,281.0,302.0,95.341,30.605,41.21,23.526
2024,1,R,PIA,81,McLaren,43,3,HARD,9,true,8,false,1,7725.553,237.0,270.0,281.0,301.0,95.258,30.52,41.188,23.55
2024,1,R,PIA,81,McLaren,44,3,HARD,10,true,8,false,1,7820.811,237.0,270.0,282.0,299.0,95.238,30.489,41.161,23.588
2024,1,R,PIA,81,McLaren,45,3,HARD,11,true,8,false,1,7916.049,237.0,271.0,282.0,300.0,95.306,30.589,41.14,23.577
2024,1,R,PIA,81,McLaren,46,3,HARD,12,true,8,false,1,8011.355,237.0,271.0,281.0,300.0,95.296,30.594,41.178,23.524
2024,1,R,PIA,81,McLaren,47,3,HARD,13,true,8,false,1,8106.651,236.0,271.0,281.0,300.0,95.376,30.504,41.194,23.678
2024,1,R,PIA,81,McLaren,48,3,HARD,14,true,8,false,1,8202.027,237.0,272.0,282.0,299.0,95.702,30.651,41.365,23.686
2024,1,R,PIA,81,McLaren,49,3,HARD,15,true,8,false,1,8297.729,238.0,271.0,282.0,301.0,95.653,30.619,41.313,23.721
2024,1,R,PIA,81,McLaren,50,3,HARD,16,true,8,false,1,8393.382,237.0,272.0,282.0,301.0,95.984,30.79,41.405,23.789
2024,1,R,PIA,81,McLaren,51,3,HARD,17,true,8,false,1,8489.366,236.0,272.0,282.0,300.0,95.8,30.74,41.312,23.748
2024,1,R,PIA,81,McLaren,52,3,HARD,18,true,8,false,1,8585.166,237.0,271.0,281.0,301.0,96.024,30.765,41.526,23.733
2024,1,R,PIA,81,McLaren,53,3,HARD,19,true,8,false,1,8681.19,236.0,271.0,281.0,302.0,95.739,30.77,41.299,23.67
2024,1,R,PIA,81,McLaren,54,3,HARD,20,true,8,false,1,8776.929,238.0,271.0,280.0,298.0,96.107,30.976,41.431,23.7
2024,1,R,PIA,81,McLaren,55,3,HARD,21,true,8,false,1,8873.036,236.0,271.0,280.0,300.0,95.973,30.879,41.373,23.721
2024,1,R,PIA,81,McLaren,56,3,HARD,22,true,8,false,1,8969.009,237.0,271.0,280.0,300.0,96.1,30.82,41.515,23.765
2024,1,R,PIA,81,McLaren,57,3,HARD,23,true,8,false,1,9065.109,238.0,271.0,281.0,303.0,95.92,30.738,41.401,23.781
2024,1,R,ALO,14,Aston Martin,1,1,SOFT,4,false,6,false,12,3599.911,232.0,237.0,275.0,258.0,101.679,,43.268,24.162
2024,1,R,ALO,14,Aston Martin,2,1,SOFT,5,false,6,true,1,3701.884,231.0,236.0,276.0,293.0,98.02,31.203,42.896,23.921
2024,1,R,ALO,14,Aston Martin,3,1,SOFT,6,false,7,false,1,3799.904,228.0,249.0,282.0,290.0,99.046,32.068,42.719,24.259
2024,1,R,ALO,14,Aston Martin,4,1,SOFT,7,false,7,true,1,3898.95,230.0,242.0,277.0,323.0,97.776,30.951,42.58,24.245
2024,1,R,ALO,14,Aston Martin,5,1,SOFT,8,false,8,false,1,3996.726,230.0,248.0,283.0,300.0,99.292,32.063,42.806,24.423
2024,1,R,ALO,14,Aston Martin,6,1,SOFT,9,false,8,false,1,4096.018,227.0,248.0,283.0,312.0,98.053,31.076,42.676,24.301
2024,1,R,ALO,14,Aston Martin,7,1,SOFT,10,false,8,false,1,4194.071,228.0,249.0,282.0,315.0,98.008,30.905,42.7,24.403
2024,1,R,ALO,14,Aston Martin,8,1,SOFT,11,false,8,false,1,4292.079,227.0,247.0,278.0,315.0,98.103,31.024,42.689,24.39
2024,1,R,ALO,14,Aston Martin,9,1,SOFT,12,false,8,false,1,4390.182,227.0,241.0,277.0,303.0,98.896,31.464,43.036,24.396
2024,1,R,ALO,14,Aston Martin,10,1,SOFT,13,false,9,false,12,4489.078,233.0,246.0,283.0,294.0,99.325,31.635,43.162,24.528
2024,1,R,ALO,14,Aston Martin,11,1,SOFT,14,false,9,false,1,4588.403,229.0,249.0,282.0,316.0,98.554,31.043,42.972,24.539
2024,1,R,ALO,14,Aston Martin,12,1,SOFT,15,false,6,false,1,4686.957,230.0,251.0,276.0,320.0,98.543,30.932,43.035,24.576
2024,1,R,ALO,14,Aston Martin,13,1,SOFT,16,false,4,false,1,4785.5,229.0,249.0,276.0,297.0,98.587,31.446,42.808,24.333
2024,1,R,ALO,14,Aston Martin,14,1,SOFT,17,false,3,false,1,4884.087,228.0,250.0,276.0,297.0,98.612,31.516,42.741,24.355
2024,1,R,ALO,14,Aston Martin,15,1,SOFT,18,false,2,false,1,4982.699,228.0,249.0,,297.0,101.101,31.48,42.707,26.914
2024,1,R,ALO,14,Aston Martin,16,2,HARD,1,true,10,false,1,5083.8,233.0,237.0,284.0,220.0,118.814,52.462,42.357,23.995
2024,1,R,ALO,14,Aston Martin,17,2,HARD,2,true,9,true,1,5202.614,232.0,237.0,277.0,310.0,96.97,30.546,42.572,23.852
2024,1,R,ALO,14,Aston Martin,18,2,HARD,3,true,9,false,1,5299.584,232.0,234.0,277.0,291.0,97.361,31.136,42.381,23.844
2024,1,R,ALO,14,Aston Martin,19,2,HARD,4,true,9,false,1,5396.945,232.0,239.0,277.0,297.0,97.072,30.967,42.236,23.869
2024,1,R,ALO,14,Aston Martin,20,2,HARD,5,true,9,false,1,5494.017,233.0,238.0,278.0,294.0,97.357,31.08,42.304,23.973
2024,1,R,ALO,14,Aston Martin,21,2,HARD,6,true,9,false,1,5591.374,232.0,229.0,278.0,295.0,97.342,30.978,42.385,23.979
2024,1,R,ALO,14,Aston Martin,22,2,HARD,7,true,9,false,1,5688.716,232.0,233.0,278.0,300.0,97.122,30.882,42.371,23.869
2024,1,R,ALO,14,Aston Martin,23,2,HARD,8,true,9,false,1,5785.838,233.0,241.0,279.0,294.0,97.265,30.946,42.451,23.868
2024,1,R,ALO,14,Aston Martin,24,2,HARD,9,true,9,false,1,5883.103,232.0,238.0,278.0,299.0,97.046,30.836,42.303,23.907
2024,1,R,ALO,14,Aston Martin,25,2,HARD,10,true,9,false,1,5980.149,233.0,240.0,277.0,302.0,97.179,30.925,42.232,24.022
2024,1,R,ALO,14,Aston Martin,26,2,HARD,11,true,9,false,1,6077.328,233.0,233.0,277.0,296.0,97.638,31.295,42.393,23.95
2024,1,R,ALO,14,Aston Martin,27,2,HARD,12,true,9,true,1,6174.966,234.0,233.0,277.0,292.0,96.945,31.0,42.032,23.913
2024,1,R,ALO,14,Aston Martin,28,2,HARD,13,true,9,false,1,6271.911,234.0,233.0,277.0,298.0,97.256,31.091,42.208,23.957
2024,1,R,ALO,14,Aston Martin,29,2,HARD,14,true,9,false,1,6369.167,233.0,232.0,277.0,297.0,97.104,30.948,42.237,23.919
2024,1,R,ALO,14,Aston Martin,30,2,HARD,15,true,9,false,1,6466.271,234.0,247.0,277.0,298.0,96.982,30.976,42.05,23.956
2024,1,R,ALO,14,Aston Martin,31,2,HARD,16,true,9,false,1,6563.253,234.0,238.0,278.0,299.0,96.957,30.866,42.192,23.899
2024,1,R,ALO,14,Aston Martin,32,2,HARD,17,true,8,false,1,6660.21,232.0,254.0,277.0,299.0,97.056,31.023,42.0,24.033
2024,1,R,ALO,14,Aston Martin,33,2,HARD,18,true,8,false,1,6757.266,233.0,247.0,278.0,299.0,97.202,31.106,42.136,23.96
2024,1,R,ALO,14,Aston Martin,34,2,HARD,19,true,7,false,1,6854.468,234.0,254.0,279.0,300.0,97.601,31.211,42.33,24.06
2024,1,R,ALO,14,Aston Martin,35,2,HARD,20,true,5,false,1,6952.069,232.0,253.0,278.0,300.0,97.273,31.078,42.219,23.976
2024,1,R,ALO,14,Aston Martin,36,2,HARD,21,true,7,false,1,7049.342,234.0,256.0,285.0,294.0,98.343,31.245,42.631,24.467
2024,1,R,ALO,14,Aston Martin,37,2,HARD,22,true,7,true,1,7147.685,234.0,254.0,279.0,323.0,96.799,30.5,42.284,24.015
2024,1,R,ALO,14,Aston Martin,38,2,HARD,23,true,7,false,1,7244.484,234.0,254.0,278.0,301.0,97.297,30.952,42.212,24.133
2024,1,R,ALO,14,Aston Martin,39,2,HARD,24,true,8,false,1,7341.781,234.0,255.0,279.0,295.0,97.946,31.253,42.438,24.255
2024,1,R,ALO,14,Aston Martin,40,2,HARD,25,true,9,false,1,7439.727,235.0,254.0,279.0,296.0,98.061,31.525,42.36,24.176
2024,1,R,ALO,14,Aston Martin,41,2,HARD,26,true,9,false,1,7537.788,234.0,255.0,,302.0,100.261,31.046,42.415,26.8
2024,1,R,ALO,14,Aston Martin,42,3,HARD,1,true,11,false,1,7638.049,234.0,239.0,281.0,221.0,116.899,52.077,41.387,23.435
2024,1,R,ALO,14,Aston Martin,43,3,HARD,2,true,11,true,1,7754.948,237.0,250.0,288.0,293.0,95.107,30.517,41.055,23.535
2024,1,R,ALO,14,Aston Martin,44,3,HARD,3,true,10,true,1,7850.055,239.0,248.0,281.0,309.0,94.981,30.334,41.382,23.265
2024,1,R,ALO,14,Aston Martin,45,3,HARD,4,true,10,true,1,7945.036,235.0,246.0,281.0,290.0,94.872,30.536,41.011,23.325
2024,1,R,ALO,14,Aston Martin,46,3,HARD,5,true,10,false,1,8039.908,236.0,256.0,281.0,302.0,95.126,30.468,41.232,23.426
2024,1,R,ALO,14,Aston Martin,47,3,HARD,6,true,10,false,1,8135.034,235.0,257.0,288.0,299.0,95.225,30.596,41.183,23.446
2024,1,R,ALO,14,Aston Martin,48,3,HARD,7,true,9,true,1,8230.259,235.0,262.0,280.0,324.0,94.199,30.046,40.806,23.347
2024,1,R,ALO,14,Aston Martin,49,3,HARD,8,true,9,false,1,8324.458,238.0,264.0,280.0,291.0,94.571,30.4,40.783,23.388
2024,1,R,ALO,14,Aston Martin,50,3,HARD,9,true,9,false,1,8419.029,236.0,263.0,280.0,294.0,94.677,30.453,40.794,23.43
2024,1,R,ALO,14,Aston Martin,51,3,HARD,10,true,9,false,1,8513.706,237.0,264.0,281.0,294.0,94.916,30.543,40.924,23.449
2024,1,R,ALO,14,Aston Martin,52,3,HARD,11,true,9,false,1,8608.622,236.0,264.0,281.0,295.0,94.862,30.447,40.963,23.452
2024,1,R,ALO,14,Aston Martin,53,3,HARD,12,true,9,false,1,8703.484,237.0,264.0,282.0,296.0,95.249,30.498,41.106,23.645
2024,1,R,ALO,14,Aston Martin,54,3,HARD,13,true,9,false,1,8798.733,237.0,260.0,280.0,298.0,95.745,30.701,41.444,23.6
2024,1,R,ALO,14,Aston Martin,55,3,HARD,14,true,9,false,1,8894.478,237.0,263.0,280.0,294.0,95.066,30.478,41.126,23.462
2024,1,R,ALO,14,Aston Martin,56,3,HARD,15,true,9,false,1,8989.544,238.0,259.0,280.0,294.0,95.014,30.405,41.122,23.487
2024,1,R,ALO,14,Aston Martin,57,3,HARD,16,true,9,false,1,9084.558,241.0,262.0,280.0,294.0,95.276,30.59,41.134,23.552
2024,1,R,STR,18,Aston Martin,1,1,SOFT,1,true,19,false,12,3599.911,226.0,227.0,275.0,266.0,110.214,,44.4,24.337
2024,1,R,STR,18,Aston Martin,2,1,SOFT,2,true,19,true,1,3710.419,228.0,241.0,278.0,287.0,97.987,31.319,42.653,24.015
2024,1,R,STR,18,Aston Martin,3,1,SOFT,3,true,19,false,1,3808.406,228.0,238.0,283.0,298.0,98.279,31.279,42.79,24.21
2024,1,R,STR,18,Aston Martin,4,1,SOFT,4,true,19,false,1,3906.685,223.0,237.0,287.0,314.0,98.364,30.944,43.227,24.193
2024,1,R,STR,18,Aston Martin,5,1,SOFT,5,true,18,false,1,4005.049,222.0,246.0,278.0,325.0,98.725,30.987,43.577,24.161
2024,1,R,STR,18,Aston Martin,6,1,SOFT,6,true,18,false,1,4103.774,223.0,246.0,278.0,297.0,98.925,31.554,43.188,24.183
2024,1,R,STR,18,Aston Martin,7,1,SOFT,7,true,18,false,1,4202.699,227.0,245.0,285.0,296.0,98.769,31.302,43.186,24.281
2024,1,R,STR,18,Aston Martin,8,1,SOFT,8,true,18,false,1,4301.468,220.0,242.0,287.0,321.0,98.857,30.963,43.37,24.524
2024,1,R,STR,18,Aston Martin,9,1,SOFT,9,true,19,false,1,4400.325,221.0,242.0,,313.0,102.112,31.431,43.451,27.23
2024,1,R,STR,18,Aston Martin,10,2,HARD,1,true,18,false,12,4502.437,228.0,248.0,277.0,218.0,117.815,51.912,42.22,23.683
2024,1,R,STR,18,Aston Martin,11,2,HARD,2,true,17,true,1,4620.252,228.0,249.0,277.0,298.0,96.494,30.684,42.077,23.733
2024,1,R,STR,18,Aston Martin,12,2,HARD,3,true,16,false,1,4716.746,230.0,241.0,278.0,300.0,97.175,30.961,42.338,23.876
2024,1,R,STR,18,Aston Martin,13,2,HARD,4,true,14,false,1,4813.921,229.0,248.0,278.0,296.0,97.289,30.988,42.395,23.906
2024,1,R,STR,18,Aston Martin,14,2,HARD,5,true,13,false,1,4911.21,230.0,251.0,277.0,299.0,97.624,31.039,42.588,23.997
2024,1,R,STR,18,Aston Martin,15,2,HARD,6,true,12,false,1,5008.834,226.0,250.0,277.0,300.0,97.533,30.928,42.631,23.974
2024,1,R,STR,18,Aston Martin,16,2,HARD,7,true,11,false,1,5106.367,226.0,249.0,278.0,296.0,98.027,31.238,42.753,24.036
2024,1,R,STR,18,Aston Martin,17,2,HARD,8,true,12,false,1,5204.394,227.0,245.0,283.0,291.0,98.777,31.663,42.958,24.156
2024,1,R,STR,18,Aston Martin,18,2,HARD,9,true,12,false,1,5303.171,228.0,253.0,283.0,324.0,97.417,30.775,42.503,24.139
2024,1,R,STR,18,Aston Martin,19,2,HARD,10,true,12,false,1,5400.588,229.0,253.0,279.0,317.0,97.554,30.774,42.598,24.182
2024,1,R,STR,18,Aston Martin,20,2,HARD,11,true,12,false,1,5498.142,229.0,260.0,278.0,299.0,97.859,31.219,42.499,24.141
2024,1,R,STR,18,Aston Martin,21,2,HARD,12,true,12,false,1,5596.001,229.0,255.0,278.0,299.0,98.022,31.191,42.686,24.145
2024,1,R,STR,18,Aston Martin,22,2,HARD,13,true,12,false,1,5694.023,228.0,247.0,278.0,301.0,98.175,31.109,42.935,24.131
2024,1,R,STR,18,Aston Martin,23,2,HARD,14,true,12,false,1,5792.198,231.0,247.0,278.0,298.0,97.826,31.057,42.668,24.101
2024,1,R,STR,18,Aston Martin,24,2,HARD,15,true,12,false,1,5890.024,229.0,255.0,278.0,301.0,98.138,31.071,42.831,24.236
2024,1,R,STR,18,Aston Martin,25,2,HARD,16,true,12,false,1,5988.162,227.0,252.0,279.0,301.0,97.994,31.105,42.77,24.119
2024,1,R,STR,18,Aston Martin,26,2,HARD,17,true,12,false,1,6086.156,229.0,252.0,277.0,301.0,98.133,31.156,42.759,24.218
2024,1,R,STR,18,Aston Martin,27,2,HARD,18,true,13,false,1,6184.289,226.0,250.0,,296.0,100.71,31.196,42.791,26.723
2024,1,R,STR,18,Aston Martin,28,3,HARD,1,true,18,false,1,6284.999,228.0,252.0,280.0,220.0,116.64,51.64,41.554,23.446
2024,1,R,STR,18,Aston Martin,29,3,HARD,2,true,18,true,1,6401.639,228.0,252.0,287.0,299.0,95.854,30.749,41.609,23.496
2024,1,R,STR,18,Aston Martin,30,3,HARD,3,true,18,true,1,6497.493,229.0,254.0,281.0,324.0,95.632,30.429,41.682,23.521
2024,1,R,STR,18,Aston Martin,31,3,HARD,4,true,15,false,1,6593.125,231.0,253.0,284.0,302.0,96.202,30.622,41.79,23.79
2024,1,R,STR,18,Aston Martin,32,3,HARD,5,true,15,false,1,6689.327,229.0,255.0,288.0,326.0,95.821,30.248,41.8,23.773
2024,1,R,STR,18,Aston Martin,33,3,HARD,6,true,13,false,1,6785.148,227.0,251.0,278.0,325.0,96.349,30.607,42.088,23.654
2024,1,R,STR,18,Aston Martin,34,3,HARD,7,true,13,false,1,6881.497,231.0,255.0,279.0,296.0,96.332,30.969,41.709,23.654
2024,1,R,STR,18,Aston Martin,35,3,HARD,8,true,12,false,1,6977.829,232.0,253.0,279.0,294.0,96.242,30.837,41.766,23.639
2024,1,R,STR,18,Aston Martin,36,3,HARD,9,true,11,false,1,7074.071,230.0,255.0,278.0,299.0,96.086,30.694,41.748,23.644
2024,1,R,STR,18,Aston Martin,37,3,HARD,10,true,10,false,1,7170.157,232.0,248.0,278.0,298.0,95.987,30.676,41.775,23.536
2024,1,R,STR,18,Aston Martin,38,3,HARD,11,true,10,false,1,7266.144,231.0,249.0,278.0,298.0,96.364,30.776,41.926,23.662
2024,1,R,STR,18,Aston Martin,39,3,HARD,12,true,10,false,1,7362.508,232.0,248.0,278.0,298.0,96.353,30.792,41.959,23.602
2024,1,R,STR,18,Aston Martin,40,3,HARD,13,true,10,false,1,7458.861,230.0,242.0,278.0,298.0,96.485,30.896,41.927,23.662
2024,1,R,STR,18,Aston Martin,41,3,HARD,14,true,10,false,1,7555.346,232.0,251.0,279.0,298.0,96.322,30.877,41.749,23.696
2024,1,R,STR,18,Aston Martin,42,3,HARD,15,true,9,false,1,7651.668,232.0,246.0,279.0,298.0,96.343,30.774,41.917,23.652
2024,1,R,STR,18,Aston Martin,43,3,HARD,16,true,9,false,1,7748.011,232.0,248.0,279.0,298.0,96.304,30.843,41.859,23.602
2024,1,R,STR,18,Aston Martin,44,3,HARD,17,true,9,false,1,7844.315,232.0,250.0,279.0,298.0,96.564,30.788,42.023,23.753
2024,1,R,STR,18,Aston Martin,45,3,HARD,18,true,9,false,1,7940.879,232.0,254.0,278.0,298.0,96.243,30.712,41.834,23.697
2024,1,R,STR,18,Aston Martin,46,3,HARD,19,true,9,false,1,8037.122,232.0,252.0,279.0,298.0,96.379,30.808,41.882,23.689
2024,1,R,STR,18,Aston Martin,47,3,HARD,20,true,9,false,1,8133.501,233.0,250.0,279.0,298.0,96.298,30.835,41.744,23.719
2024,1,R,STR,18,Aston Martin,48,3,HARD,21,true,10,false,1,8229.799,233.0,250.0,279.0,290.0,97.325,31.346,42.156,23.823
2024,1,R,STR,18,Aston Martin,49,3,HARD,22,true,10,false,1,8327.124,231.0,247.0,280.0,301.0,96.871,30.92,42.119,23.832
2024,1,R,STR,18,Aston Martin,50,3,HARD,23,true,10,false,1,8423.995,232.0,253.0,279.0,300.0,96.541,30.808,41.978,23.755
2024,1,R,STR,18,Aston Martin,51,3,HARD,24,true,10,false,1,8520.536,232.0,247.0,279.0,299.0,96.763,30.882,42.075,23.806
2024,1,R,STR,18,Aston Martin,52,3,HARD,25,true,10,false,1,8617.299,232.0,256.0,279.0,299.0,96.934,31.144,42.016,23.774
2024,1,R,STR,18,Aston Martin,53,3,HARD,26,true,10,false,1,8714.233,231.0,255.0,279.0,300.0,96.64,30.894,42.017,23.729
2024,1,R,STR,18,Aston Martin,54,3,HARD,27,true,10,false,1,8810.873,232.0,256.0,279.0,299.0,96.693,30.938,41.971,23.784
2024,1,R,STR,18,Aston Martin,55,3,HARD,28,true,10,false,1,8907.566,232.0,255.0,280.0,300.0,96.68,30.92,41.999,23.761
2024,1,R,STR,18,Aston Martin,56,3,HARD,29,true,10,false,1,9004.246,239.0,254.0,279.0,300.0,96.582,30.87,41.951,23.761
2024,1,R,STR,18,Aston Martin,57,3,HARD,30,true,10,false,1,9100.828,235.0,253.0,279.0,300.0,97.335,30.994,42.237,24.104
2024,1,R,ZHO,24,Kick Sauber,1,1,SOFT,1,true,13,false,12,3599.911,220.0,243.0,281.0,269.0,104.801,,43.576,24.294
2024,1,R,ZHO,24,Kick Sauber,2,1,SOFT,2,true,13,true,1,3705.006,230.0,249.0,289.0,302.0,98.92,31.452,43.135,24.333
2024,1,R,ZHO,24,Kick Sauber,3,1,SOFT,3,true,13,true,1,3803.926,224.0,246.0,286.0,322.0,98.582,31.044,43.084,24.454
2024,1,R,ZHO,24,Kick Sauber,4,1,SOFT,4,true,13,true,1,3902.508,225.0,249.0,286.0,318.0,98.428,30.977,43.004,24.447
2024,1,R,ZHO,24,Kick Sauber,5,1,SOFT,5,true,13,false,1,4000.936,224.0,249.0,285.0,306.0,98.798,31.116,43.178,24.504
2024,1,R,ZHO,24,Kick Sauber,6,1,SOFT,6,true,13,false,1,4099.734,233.0,246.0,285.0,320.0,98.488,30.86,43.064,24.564
2024,1,R,ZHO,24,Kick Sauber,7,1,SOFT,7,true,13,false,1,4198.222,233.0,252.0,286.0,314.0,99.517,31.488,43.47,24.559
2024,1,R,ZHO,24,Kick Sauber,8,1,SOFT,8,true,13,false,1,4297.739,232.0,253.0,283.0,314.0,99.646,31.786,43.138,24.722
2024,1,R,ZHO,24,Kick Sauber,9,1,SOFT,9,true,16,false,1,4397.385,234.0,253.0,,310.0,101.849,31.33,43.094,27.425
2024,1,R,ZHO,24,Kick Sauber,10,2,HARD,1,true,17,false,12,4499.234,233.0,241.0,277.0,220.0,119.328,53.287,42.225,23.816
2024,1,R,ZHO,24,Kick Sauber,11,2,HARD,2,true,16,true,1,4618.562,233.0,242.0,280.0,297.0,96.365,30.815,41.738,23.812
2024,1,R,ZHO,24,Kick Sauber,12,2,HARD,3,true,15,false,1,4714.927,232.0,243.0,278.0,301.0,96.995,31.006,42.207,23.782
2024,1,R,ZHO,24,Kick Sauber,13,2,HARD,4,true,13,false,1,4811.922,232.0,246.0,278.0,298.0,97.436,30.982,42.435,24.019
2024,1,R,ZHO,24,Kick Sauber,14,2,HARD,5,true,12,false,1,4909.358,232.0,244.0,278.0,298.0,97.482,31.086,42.431,23.965
2024,1,R,ZHO,24,Kick Sauber,15,2,HARD,6,true,11,false,1,5006.84,231.0,242.0,280.0,298.0,97.5,31.03,42.429,24.041
2024,1,R,ZHO,24,Kick Sauber,16,2,HARD,7,true,9,false,1,5104.34,231.0,241.0,278.0,301.0,97.659,31.166,42.398,24.095
2024,1,R,ZHO,24,Kick Sauber,17,2,HARD,8,true,10,false,1,5201.999,236.0,247.0,285.0,295.0,98.475,31.431,42.856,24.188
2024,1,R,ZHO,24,Kick Sauber,18,2,HARD,9,true,10,false,1,5300.474,233.0,244.0,284.0,312.0,97.552,30.919,42.585,24.048
2024,1,R,ZHO,24,Kick Sauber,19,2,HARD,10,true,10,false,1,5398.026,231.0,245.0,279.0,318.0,97.652,30.887,42.658,24.107
2024,1,R,ZHO,24,Kick Sauber,20,2,HARD,11,true,10,false,1,5495.678,235.0,245.0,280.0,303.0,97.749,31.239,42.477,24.033
2024,1,R,ZHO,24,Kick Sauber,21,2,HARD,12,true,10,false,1,5593.427,232.0,243.0,280.0,302.0,97.947,31.22,42.705,24.022
2024,1,R,ZHO,24,Kick Sauber,22,2,HARD,13,true,10,false,1,5691.374,232.0,244.0,279.0,300.0,97.852,31.171,42.584,24.097
2024,1,R,ZHO,24,Kick Sauber,23,2,HARD,14,true,10,false,1,5789.226,232.0,244.0,279.0,300.0,97.788,31.092,42.647,24.049
2024,1,R,ZHO,24,Kick Sauber,24,2,HARD,15,true,10,false,1,5887.014,234.0,243.0,278.0,301.0,97.894,31.14,42.602,24.152
2024,1,R,ZHO,24,Kick Sauber,25,2,HARD,16,true,10,false,1,5984.908,235.0,249.0,280.0,300.0,97.883,31.246,42.532,24.105
2024,1,R,ZHO,24,Kick Sauber,26,2,HARD,17,true,10,false,1,6082.791,233.0,250.0,281.0,303.0,97.995,31.266,42.658,24.071
2024,1,R,ZHO,24,Kick Sauber,27,2,HARD,18,true,10,false,1,6180.786,233.0,249.0,280.0,302.0,98.053,31.367,42.594,24.092
2024,1,R,ZHO,24,Kick Sauber,28,2,HARD,19,true,11,false,1,6278.839,233.0,253.0,,302.0,100.675,31.279,42.58,26.816
2024,1,R,ZHO,24,Kick Sauber,29,3,HARD,1,true,17,false,1,6379.514,234.0,256.0,281.0,223.0,117.076,52.137,41.43,23.509
2024,1,R,ZHO,24,Kick Sauber,30,3,HARD,2,true,17,true,1,6496.59,235.0,258.0,281.0,302.0,95.458,30.674,41.19,23.594
2024,1,R,ZHO,24,Kick Sauber,31,3,HARD,3,true,14,false,1,6592.048,232.0,252.0,286.0,299.0,96.297,30.846,41.644,23.807
2024,1,R,ZHO,24,Kick Sauber,32,3,HARD,4,true,14,false,1,6688.345,231.0,245.0,281.0,316.0,96.048,30.646,41.735,23.667
2024,1,R,ZHO,24,Kick Sauber,33,3,HARD,5,true,14,false,1,6784.393,233.0,250.0,287.0,301.0,97.971,31.535,42.387,24.049
2024,1,R,ZHO,24,Kick Sauber,34,3,HARD,6,true,14,false,1,6882.364,235.0,251.0,287.0,316.0,96.518,30.678,41.938,23.902
2024,1,R,ZHO,24,Kick Sauber,35,3,HARD,7,true,13,false,1,6978.882,238.0,260.0,281.0,319.0,96.546,30.612,41.954,23.98
2024,1,R,ZHO,24,Kick Sauber,36,3,HARD,8,true,12,false,1,7075.428,236.0,252.0,281.0,301.0,96.931,31.09,41.967,23.874
2024,1,R,ZHO,24,Kick Sauber,37,3,HARD,9,true,11,false,1,7172.359,236.0,245.0,280.0,303.0,96.805,30.874,42.13,23.801
2024,1,R,ZHO,24,Kick Sauber,38,3,HARD,10,true,11,false,1,7269.164,235.0,245.0,281.0,302.0,96.857,30.915,42.149,23.793
2024,1,R,ZHO,24,Kick Sauber,39,3,HARD,11,true,11,false,1,7366.021,237.0,245.0,281.0,303.0,96.637,30.904,42.006,23.727
2024,1,R,ZHO,24,Kick Sauber,40,3,HARD,12,true,11,false,1,7462.658,235.0,245.0,281.0,301.0,96.683,30.839,42.094,23.75
2024,1,R,ZHO,24,Kick Sauber,41,3,HARD,13,true,11,false,1,7559.341,235.0,245.0,280.0,302.0,96.695,30.827,42.096,23.772
2024,1,R,ZHO,24,Kick Sauber,42,3,HARD,14,true,10,false,1,7656.036,235.0,245.0,281.0,301.0,96.652,31.038,41.86,23.754
2024,1,R,ZHO,24,Kick Sauber,43,3,HARD,15,true,10,false,1,7752.688,236.0,245.0,281.0,301.0,96.771,30.877,42.071,23.823
2024,1,R,ZHO,24,Kick Sauber,44,3,HARD,16,true,11,false,1,7849.459,236.0,246.0,282.0,301.0,97.417,31.361,42.115,23.941
2024,1,R,ZHO,24,Kick Sauber,45,3,HARD,17,true,11,false,1,7946.876,236.0,254.0,281.0,302.0,96.68,30.867,41.919,23.894
2024,1,R,ZHO,24,Kick Sauber,46,3,HARD,18,true,11,false,1,8043.556,234.0,256.0,281.0,298.0,96.741,30.966,41.922,23.853
2024,1,R,ZHO,24,Kick Sauber,47,3,HARD,19,true,11,false,1,8140.297,236.0,258.0,281.0,299.0,96.561,30.934,41.792,23.835
2024,1,R,ZHO,24,Kick Sauber,48,3,HARD,20,true,11,false,1,8236.858,236.0,259.0,280.0,299.0,96.654,30.98,41.82,23.854
2024,1,R,ZHO,24,Kick Sauber,49,3,HARD,21,true,11,false,1,8333.512,237.0,257.0,281.0,299.0,96.72,30.9,41.995,23.825
2024,1,R,ZHO,24,Kick Sauber,50,3,HARD,22,true,11,false,1,8430.232,236.0,260.0,281.0,299.0,96.792,31.035,41.87,23.887
2024,1,R,ZHO,24,Kick Sauber,51,3,HARD,23,true,11,false,1,8527.024,236.0,255.0,281.0,298.0,97.042,31.065,42.026,23.951
2024,1,R,ZHO,24,Kick Sauber,52,3,HARD,24,true,11,false,1,8624.066,235.0,251.0,280.0,298.0,97.394,31.205,42.19,23.999
2024,1,R,ZHO,24,Kick Sauber,53,3,HARD,25,true,11,false,1,8721.46,239.0,261.0,281.0,301.0,97.141,31.11,42.136,23.895
2024,1,R,ZHO,24,Kick Sauber,54,3,HARD,26,true,11,false,1,8818.601,237.0,261.0,282.0,298.0,98.389,31.253,43.116,24.02
2024,1,R,ZHO,24,Kick Sauber,55,3,HARD,27,true,11,false,1,8916.99,239.0,258.0,281.0,304.0,97.383,31.123,42.185,24.075
2024,1,R,ZHO,24,Kick Sauber,56,3,HARD,28,true,11,false,1,9014.373,237.0,258.0,283.0,302.0,97.333,31.22,42.156,23.957
2024,1,R,MAG,20,Haas F1 Team,1,1,SOFT,1,true,12,false,12,3599.911,227.0,242.0,282.0,254.0,104.349,,44.375,24.212
2024,1,R,MAG,20,Haas F1 Team,2,1,SOFT,2,true,12,true,1,3704.554,229.0,245.0,288.0,287.0,98.911,31.591,43.075,24.245
2024,1,R,MAG,20,Haas F1 Team,3,1,SOFT,3,true,12,true,1,3803.465,230.0,245.0,289.0,320.0,98.399,30.969,43.118,24.312
2024,1,R,MAG,20,Haas F1 Team,4,1,SOFT,4,true,12,false,1,3901.864,230.0,248.0,287.0,323.0,98.497,30.993,42.992,24.512
2024,1,R,MAG,20,Haas F1 Team,5,1,SOFT,5,true,12,false,1,4000.361,228.0,248.0,288.0,318.0,98.576,31.066,43.108,24.402
2024,1,R,MAG,20,Haas F1 Team,6,1,SOFT,6,true,12,false,1,4098.937,234.0,244.0,288.0,323.0,98.529,30.952,43.041,24.536
2024,1,R,MAG,20,Haas F1 Team,7,1,SOFT,7,true,12,false,1,4197.466,230.0,250.0,275.0,331.0,100.058,32.132,43.112,24.814
2024,1,R,MAG,20,Haas F1 Team,8,1,SOFT,8,true,12,false,1,4297.524,230.0,252.0,279.0,306.0,99.172,31.557,43.072,24.543
2024,1,R,MAG,20,Haas F1 Team,9,1,SOFT,9,true,12,false,1,4396.696,228.0,253.0,279.0,292.0,98.861,31.383,42.932,24.546
2024,1,R,MAG,20,Haas F1 Team,10,1,SOFT,10,true,12,false,12,4495.557,230.0,253.0,279.0,298.0,98.747,31.307,42.925,24.515
2024,1,R,MAG,20,Haas F1 Team,11,1,SOFT,11,true,12,false,1,4594.304,229.0,260.0,,297.0,101.088,31.311,42.714,27.063
2024,1,R,MAG,20,Haas F1 Team,12,2,HARD,1,true,17,false,1,4695.392,230.0,254.0,282.0,219.0,119.682,53.306,42.365,24.011
2024,1,R,MAG,20,Haas F1 Team,13,2,HARD,2,true,15,true,1,4815.074,232.0,255.0,287.0,300.0,96.89,30.905,41.951,24.034
2024,1,R,MAG,20,Haas F1 Team,14,2,HARD,3,true,14,false,1,4911.964,234.0,255.0,287.0,313.0,97.59,30.826,42.424,24.34
2024,1,R,MAG,20,Haas F1 Team,15,2,HARD,4,true,14,false,1,5009.554,232.0,257.0,289.0,319.0,98.332,31.154,42.886,24.292
2024,1,R,MAG,20,Haas F1 Team,16,2,HARD,5,true,13,false,1,5107.886,233.0,255.0,288.0,324.0,97.749,30.774,42.696,24.279
2024,1,R,MAG,20,Haas F1 Team,17,2,HARD,6,true,13,false,1,5205.635,232.0,253.0,287.0,315.0,98.282,30.953,42.957,24.372
2024,1,R,MAG,20,Haas F1 Team,18,2,HARD,7,true,13,false,1,5303.917,232.0,252.0,287.0,320.0,97.583,30.69,42.526,24.367
2024,1,R,MAG,20,Haas F1 Team,19,2,HARD,8,true,13,false,1,5401.5,232.0,254.0,282.0,321.0,97.792,30.82,42.677,24.295
2024,1,R,MAG,20,Haas F1 Team,20,2,HARD,9,true,13,false,1,5499.292,233.0,253.0,281.0,303.0,98.062,31.168,42.636,24.258
2024,1,R,MAG,20,Haas F1 Team,21,2,HARD,10,true,13,false,1,5597.354,233.0,253.0,281.0,302.0,98.01,31.041,42.738,24.231
2024,1,R,MAG,20,Haas F1 Team,22,2,HARD,11,true,13,false,1,5695.364,231.0,255.0,282.0,302.0,98.147,31.214,42.628,24.305
2024,1,R,MAG,20,Haas F1 Team,23,2,HARD,12,true,13,false,1,5793.511,233.0,257.0,281.0,302.0,98.293,31.284,42.627,24.382
2024,1,R,MAG,20,Haas F1 Team,24,2,HARD,13,true,13,false,1,5891.804,234.0,254.0,281.0,307.0,98.156,31.155,42.693,24.308
2024,1,R,MAG,20,Haas F1 Team,25,2,HARD,14,true,13,false,1,5989.96,231.0,255.0,282.0,301.0,98.29,31.368,42.696,24.226
2024,1,R,MAG,20,Haas F1 Team,26,2,HARD,15,true,13,false,1,6088.25,233.0,257.0,282.0,308.0,98.093,31.173,42.528,24.392
2024,1,R,MAG,20,Haas F1 Team,27,2,HARD,16,true,12,false,1,6186.343,231.0,256.0,281.0,308.0,98.226,31.201,42.67,24.355
2024,1,R,MAG,20,Haas F1 Team,28,2,HARD,17,true,12,false,1,6284.569,232.0,258.0,281.0,300.0,97.936,31.209,42.495,24.232
2024,1,R,MAG,20,Haas F1 Team,29,2,HARD,18,true,11,false,1,6382.505,233.0,259.0,281.0,301.0,97.965,31.197,42.504,24.264
2024,1,R,MAG,20,Haas F1 Team,30,2,HARD,19,true,11,false,1,6480.47,236.0,264.0,281.0,305.0,98.04,31.138,42.655,24.247
2024,1,R,MAG,20,Haas F1 Team,31,2,HARD,20,true,11,false,1,6578.51,233.0,259.0,281.0,299.0,98.0,31.181,42.628,24.191
2024,1,R,MAG,20,Haas F1 Team,32,2,HARD,21,true,13,false,1,6676.51,237.0,264.0,,299.0,100.565,31.273,42.416,26.876
2024,1,R,MAG,20,Haas F1 Team,33,3,HARD,1,true,16,false,1,6777.075,235.0,260.0,281.0,221.0,116.655,51.473,41.575,23.607
2024,1,R,MAG,20,Haas F1 Team,34,3,HARD,2,true,16,true,1,6893.73,233.0,256.0,282.0,297.0,95.57,30.532,41.409,23.629
2024,1,R,MAG,20,Haas F1 Team,35,3,HARD,3,true,16,false,1,6989.3,233.0,263.0,291.0,298.0,95.698,30.538,41.44,23.72
2024,1,R,MAG,20,Haas F1 Team,36,3,HARD,4,true,14,false,1,7084.998,234.0,254.0,283.0,331.0,95.851,30.227,41.898,23.726
2024,1,R,MAG,20,Haas F1 Team,37,3,HARD,5,true,13,false,1,7180.849,234.0,261.0,284.0,301.0,95.741,30.546,41.491,23.704
2024,1,R,MAG,20,Haas F1 Team,38,3,HARD,6,true,12,false,1,7276.59,234.0,260.0,282.0,301.0,96.042,30.724,41.576,23.742
2024,1,R,MAG,20,Haas F1 Team,39,3,HARD,7,true,12,false,1,7372.632,234.0,261.0,283.0,300.0,95.876,30.654,41.474,23.748
2024,1,R,MAG,20,Haas F1 Team,40,3,HARD,8,true,12,false,1,7468.508,234.0,260.0,284.0,301.0,96.071,30.623,41.738,23.71
2024,1,R,MAG,20,Haas F1 Team,41,3,HARD,9,true,12,false,1,7564.579,234.0,259.0,283.0,302.0,96.34,30.645,41.845,23.85
2024,1,R,MAG,20,Haas F1 Team,42,3,HARD,10,true,12,false,1,7660.919,235.0,260.0,284.0,300.0,96.31,30.72,41.743,23.847
2024,1,R,MAG,20,Haas F1 Team,43,3,HARD,11,true,12,false,1,7757.229,234.0,258.0,283.0,301.0,96.232,30.709,41.74,23.783
2024,1,R,MAG,20,Haas F1 Team,44,3,HARD,12,true,12,false,1,7853.461,236.0,260.0,283.0,304.0,96.249,30.647,41.679,23.923
2024,1,R,MAG,20,Haas F1 Team,45,3,HARD,13,true,12,false,1,7949.71,236.0,263.0,284.0,303.0,96.349,30.692,41.776,23.881
2024,1,R,MAG,20,Haas F1 Team,46,3,HARD,14,true,12,false,1,8046.059,234.0,262.0,283.0,302.0,96.446,30.713,41.779,23.954
2024,1,R,MAG,20,Haas F1 Team,47,3,HARD,15,true,12,false,1,8142.505,236.0,263.0,284.0,303.0,96.454,30.753,41.74,23.961
2024,1,R,MAG,20,Haas F1 Team,48,3,HARD,16,true,12,false,1,8238.959,236.0,263.0,284.0,303.0,96.679,30.865,41.817,23.997
2024,1,R,MAG,20,Haas F1 Team,49,3,HARD,17,true,12,false,1,8335.638,236.0,264.0,284.0,307.0,96.842,30.909,41.991,23.942
2024,1,R,MAG,20,Haas F1 Team,50,3,HARD,18,true,12,false,1,8432.48,234.0,263.0,284.0,307.0,97.035,30.969,42.041,24.025
2024,1,R,MAG,20,Haas F1 Team,51,3,HARD,19,true,12,false,1,8529.515,235.0,261.0,285.0,306.0,96.929,30.98,42.05,23.899
2024,1,R,MAG,20,Haas F1 Team,52,3,HARD,20,true,12,false,1,8626.444,234.0,265.0,285.0,305.0,96.93,30.91,41.964,24.056
2024,1,R,MAG,20,Haas F1 Team,53,3,HARD,21,true,12,false,1,8723.374,234.0,262.0,290.0,302.0,97.958,30.951,43.013,23.994
2024,1,R,MAG,20,Haas F1 Team,54,3,HARD,22,true,12,false,1,8821.332,238.0,262.0,285.0,327.0,96.89,30.682,42.093,24.115
2024,1,R,MAG,20,Haas F1 Team,55,3,HARD,23,true,12,false,1,8918.222,235.0,264.0,286.0,310.0,97.457,31.014,42.356,24.087
2024,1,R,MAG,20,Haas F1 Team,56,3,HARD,24,true,12,false,1,9015.679,233.0,262.0,285.0,309.0,97.584,31.04,42.465,24.079
2024,1,R,RIC,3,RB,1,1,SOFT,4,false,14,false,12,3599.911,233.0,241.0,279.0,257.0,105.668,,43.159,24.451
2024,1,R,RIC,3,RB,2,1,SOFT,5,false,15,true,1,3705.873,231.0,243.0,284.0,300.0,99.509,31.662,43.353,24.494
2024,1,R,RIC,3,RB,3,1,SOFT,6,false,15,true,1,3805.382,231.0,242.0,284.0,313.0,98.76,30.965,43.32,24.475
2024,1,R,RIC,3,RB,4,1,SOFT,7,false,15,true,1,3904.142,232.0,246.0,283.0,322.0,98.61,30.922,43.207,24.481
2024,1,R,RIC,3,RB,5,1,SOFT,8,false,15,false,1,4002.752,232.0,239.0,284.0,306.0,98.704,30.98,43.2,24.524
2024,1,R,RIC,3,RB,6,1,SOFT,9,false,15,false,1,4101.456,232.0,248.0,279.0,306.0,98.689,31.046,43.099,24.544
2024,1,R,RIC,3,RB,7,1,SOFT,10,false,15,false,1,4200.145,233.0,246.0,283.0,294.0,99.193,31.372,43.289,24.532
2024,1,R,RIC,3,RB,8,1,SOFT,11,false,15,false,1,4299.338,232.0,250.0,284.0,312.0,99.529,31.254,43.578,24.697
2024,1,R,RIC,3,RB,9,1,SOFT,12,false,14,false,1,4398.867,233.0,245.0,283.0,311.0,99.338,31.173,43.519,24.646
2024,1,R,RIC,3,RB,10,1,SOFT,13,false,13,false,12,4498.205,232.0,250.0,277.0,301.0,98.782,31.211,43.104,24.467
2024,1,R,RIC,3,RB,11,1,SOFT,14,false,13,false,1,4596.987,233.0,251.0,276.0,292.0,99.033,31.472,43.08,24.481
2024,1,R,RIC,3,RB,12,1,SOFT,15,false,10,false,1,4696.02,231.0,250.0,277.0,292.0,98.893,31.451,42.949,24.493
2024,1,R,RIC,3,RB,13,1,SOFT,16,false,10,false,1,4794.913,230.0,256.0,,295.0,102.173,31.46,42.967,27.746
2024,1,R,RIC,3,RB,14,2,HARD,1,true,16,false,1,4897.086,234.0,258.0,278.0,218.0,119.408,52.992,42.487,23.929
2024,1,R,RIC,3,RB,15,2,HARD,2,true,16,true,1,5016.494,235.0,253.0,278.0,299.0,97.07,31.083,42.053,23.934
2024,1,R,RIC,3,RB,16,2,HARD,3,true,16,false,1,5113.564,234.0,248.0,279.0,298.0,97.176,30.966,42.237,23.973
2024,1,R,RIC,3,RB,17,2,HARD,4,true,16,false,1,5210.74,235.0,252.0,279.0,302.0,97.29,30.789,42.42,24.081
2024,1,R,RIC,3,RB,18,2,HARD,5,true,16,false,1,5308.03,234.0,251.0,283.0,298.0,97.7,30.949,42.517,24.234
2024,1,R,RIC,3,RB,19,2,HARD,6,true,16,false,1,5405.73,234.0,252.0,279.0,303.0,98.35,31.051,42.983,24.316
2024,1,R,RIC,3,RB,20,2,HARD,7,true,16,false,1,5504.08,234.0,254.0,284.0,299.0,97.865,31.036,42.538,24.291
2024,1,R,RIC,3,RB,21,2,HARD,8,true,15,false,1,5601.945,235.0,254.0,278.0,312.0,97.392,30.941,42.318,24.133
2024,1,R,RIC,3,RB,22,2,HARD,9,true,15,false,1,5699.337,234.0,253.0,278.0,296.0,97.75,31.102,42.461,24.187
2024,1,R,RIC,3,RB,23,2,HARD,10,true,15,false,1,5797.087,235.0,249.0,279.0,295.0,97.772,31.019,42.572,24.181
2024,1,R,RIC,3,RB,24,2,HARD,11,true,15,false,1,5894.859,235.0,249.0,279.0,301.0,97.766,30.983,42.559,24.224
2024,1,R,RIC,3,RB,25,2,HARD,12,true,15,false,1,5992.625,235.0,255.0,280.0,306.0,97.973,31.017,42.663,24.293
2024,1,R,RIC,3,RB,26,2,HARD,13,true,15,false,1,6090.598,235.0,257.0,279.0,302.0,98.029,30.982,42.682,24.365
2024,1,R,RIC,3,RB,27,2,HARD,14,true,15,false,1,6188.627,235.0,259.0,280.0,303.0,98.152,31.268,42.576,24.308
2024,1,R,RIC,3,RB,28,2,HARD,15,true,14,false,1,6286.779,235.0,259.0,280.0,306.0,98.045,31.076,42.66,24.309
2024,1,R,RIC,3,RB,29,2,HARD,16,true,13,false,1,6384.824,235.0,257.0,280.0,306.0,97.96,31.066,42.637,24.257
2024,1,R,RIC,3,RB,30,2,HARD,17,true,13,false,1,6482.784,235.0,259.0,280.0,307.0,97.978,31.075,42.576,24.327
2024,1,R,RIC,3,RB,31,2,HARD,18,true,13,false,1,6580.762,235.0,255.0,281.0,305.0,98.154,31.167,42.688,24.299
2024,1,R,RIC,3,RB,32,2,HARD,19,true,12,false,1,6678.916,234.0,256.0,280.0,307.0,98.025,31.075,42.662,24.288
2024,1,R,RIC,3,RB,33,2,HARD,20,true,12,false,1,6776.941,235.0,257.0,280.0,303.0,98.15,31.113,42.69,24.347
2024,1,R,RIC,3,RB,34,2,HARD,21,true,12,false,1,6875.091,235.0,258.0,280.0,303.0,98.246,31.246,42.766,24.234
2024,1,R,RIC,3,RB,35,2,HARD,22,true,11,false,1,6973.337,235.0,258.0,,303.0,100.595,31.087,42.747,26.761
2024,1,R,RIC,3,RB,36,3,SOFT,1,true,16,false,1,7073.932,233.0,252.0,281.0,221.0,116.995,51.904,41.57,23.521
2024,1,R,RIC,3,RB,37,3,SOFT,2,true,15,true,1,7190.927,232.0,251.0,280.0,302.0,95.163,30.422,41.226,23.515
2024,1,R,RIC,3,RB,38,3,SOFT,3,true,15,false,1,7286.09,236.0,253.0,281.0,300.0,95.46,30.496,41.41,23.554
2024,1,R,RIC,3,RB,39,3,SOFT,4,true,15,false,1,7381.55,236.0,252.0,281.0,301.0,95.475,30.559,41.392,23.524
2024,1,R,RIC,3,RB,40,3,SOFT,5,true,15,false,1,7477.025,238.0,249.0,281.0,303.0,95.578,30.49,41.513,23.575
2024,1,R,RIC,3,RB,41,3,SOFT,6,true,14,false,1,7572.603,239.0,256.0,281.0,301.0,95.644,30.564,41.478,23.602
2024,1,R,RIC,3,RB,42,3,SOFT,7,true,14,false,1,7668.247,237.0,255.0,280.0,302.0,95.338,30.484,41.238,23.616
2024,1,R,RIC,3,RB,43,3,SOFT,8,true,14,false,1,7763.585,237.0,255.0,280.0,302.0,95.56,30.537,41.389,23.634
2024,1,R,RIC,3,RB,44,3,SOFT,9,true,14,false,1,7859.145,238.0,259.0,280.0,301.0,95.49,30.541,41.29,23.659
2024,1,R,RIC,3,RB,45,3,SOFT,10,true,14,false,1,7954.635,237.0,256.0,281.0,303.0,95.57,30.497,41.402,23.671
2024,1,R,RIC,3,RB,46,3,SOFT,11,true,14,false,1,8050.205,237.0,257.0,281.0,304.0,95.507,30.443,41.378,23.686
2024,1,R,RIC,3,RB,47,3,SOFT,12,true,14,false,1,8145.712,237.0,257.0,282.0,302.0,95.831,30.566,41.534,23.731
2024,1,R,RIC,3,RB,48,3,SOFT,13,true,14,false,1,8241.543,237.0,260.0,283.0,304.0,96.236,30.638,41.744,23.854
2024,1,R,RIC,3,RB,49,3,SOFT,14,true,14,false,1,8337.779,237.0,260.0,287.0,306.0,96.442,30.63,41.795,24.017
2024,1,R,RIC,3,RB,50,3,SOFT,15,true,14,false,1,8434.221,238.0,259.0,288.0,321.0,96.609,30.398,42.122,24.089
2024,1,R,RIC,3,RB,51,3,SOFT,16,true,14,false,1,8530.83,238.0,256.0,288.0,323.0,97.103,30.775,42.193,24.135
2024,1,R,RIC,3,RB,52,3,SOFT,17,true,13,false,1,8627.933,237.0,243.0,289.0,319.0,97.529,30.569,41.854,25.106
2024,1,R,RIC,3,RB,53,3,SOFT,18,true,13,false,1,8725.462,237.0,263.0,289.0,294.0,96.745,30.797,41.954,23.994
2024,1,R,RIC,3,RB,54,3,SOFT,19,true,13,false,1,8822.207,238.0,258.0,288.0,320.0,96.661,30.374,42.197,24.09
2024,1,R,RIC,3,RB,55,3,SOFT,20,true,13,false,1,8918.868,238.0,262.0,288.0,326.0,97.375,30.713,42.581,24.081
2024,1,R,RIC,3,RB,56,3,SOFT,21,true,13,false,1,9016.243,240.0,259.0,284.0,317.0,97.662,30.726,42.755,24.181
2024,1,R,TSU,22,RB,1,1,SOFT,1,true,10,false,12,3599.911,220.0,246.0,281.0,274.0,103.485,,43.842,24.345
2024,1,R,TSU,22,RB,2,1,SOFT,2,true,10,true,1,3703.69,232.0,243.0,285.0,289.0,98.689,31.675,42.717,24.297
2024,1,R,TSU,22,RB,3,1,SOFT,3,true,10,true,1,3802.379,227.0,238.0,284.0,311.0,98.431,30.989,43.073,24.369
2024,1,R,TSU,22,RB,4,1,SOFT,4,true,10,true,1,3900.81,228.0,244.0,284.0,309.0,98.31,31.025,42.992,24.293
2024,1,R,TSU,22,RB,5,1,SOFT,5,true,10,false,1,3999.12,226.0,241.0,284.0,309.0,98.321,31.023,42.98,24.318
2024,1,R,TSU,22,RB,6,1,SOFT,6,true,10,false,1,4097.441,228.0,242.0,284.0,306.0,98.361,31.132,42.949,24.28
2024,1,R,TSU,22,RB,7,1,SOFT,7,true,10,false,1,4195.802,229.0,244.0,278.0,305.0,98.364,31.121,42.887,24.356
2024,1,R,TSU,22,RB,8,1,SOFT,8,true,10,false,1,4294.166,228.0,249.0,278.0,303.0,98.513,31.298,42.871,24.344
2024,1,R,TSU,22,RB,9,1,SOFT,9,true,10,false,1,4392.679,229.0,246.0,278.0,297.0,98.554,31.329,42.861,24.364
2024,1,R,TSU,22,RB,10,1,SOFT,10,true,10,false,12,4491.233,229.0,245.0,279.0,298.0,98.912,31.476,43.062,24.374
2024,1,R,TSU,22,RB,11,1,SOFT,11,true,10,false,1,4590.145,229.0,249.0,278.0,302.0,98.799,31.342,43.015,24.442
2024,1,R,TSU,22,RB,12,1,SOFT,12,true,8,false,1,4688.944,227.0,246.0,278.0,299.0,98.769,31.398,43.001,24.37
2024,1,R,TSU,22,RB,13,1,SOFT,13,true,5,false,1,4787.713,232.0,248.0,277.0,294.0,98.86,31.511,42.985,24.364
2024,1,R,TSU,22,RB,14,1,SOFT,14,true,4,false,1,4886.573,228.0,250.0,,297.0,101.138,31.394,42.967,26.777
2024,1,R,TSU,22,RB,15,2,HARD,1,true,13,false,1,4987.711,235.0,259.0,284.0,219.0,119.588,52.618,42.949,24.021
2024,1,R,TSU,22,RB,16,2,HARD,2,true,12,true,1,5107.299,229.0,253.0,288.0,300.0,97.516,30.895,42.677,23.944
2024,1,R,TSU,22,RB,17,2,HARD,3,true,11,true,1,5204.815,223.0,241.0,280.0,320.0,97.482,30.908,42.625,23.949
2024,1,R,TSU,22,RB,18,2,HARD,4,true,11,true,1,5302.297,229.0,249.0,280.0,304.0,97.359,30.973,42.336,24.05
2024,1,R,TSU,22,RB,19,2,HARD,5,true,11,false,1,5399.656,229.0,257.0,280.0,305.0,97.396,31.096,42.262,24.038
2024,1,R,TSU,22,RB,20,2,HARD,6,true,11,false,1,5497.052,230.0,249.0,280.0,299.0,97.766,31.229,42.359,24.178
2024,1,R,TSU,22,RB,21,2,HARD,7,true,11,false,1,5594.818,228.0,251.0,280.0,301.0,97.777,31.144,42.57,24.063
2024,1,R,TSU,22,RB,22,2,HARD,8,true,11,false,1,5692.595,231.0,256.0,280.0,298.0,97.837,31.173,42.531,24.133
2024,1,R,TSU,22,RB,23,2,HARD,9,true,11,false,1,5790.432,230.0,257.0,280.0,301.0,97.671,31.096,42.405,24.17
2024,1,R,TSU,22,RB,24,2,HARD,10,true,11,false,1,5888.103,229.0,257.0,284.0,302.0,97.634,31.145,42.276,24.213
2024,1,R,TSU,22,RB,25,2,HARD,11,true,11,false,1,5985.737,228.0,260.0,286.0,315.0,97.851,31.05,42.613,24.188
2024,1,R,TSU,22,RB,26,2,HARD,12,true,11,false,1,6083.588,230.0,255.0,285.0,321.0,98.058,31.252,42.54,24.266
2024,1,R,TSU,22,RB,27,2,HARD,13,true,11,false,1,6181.646,228.0,260.0,284.0,314.0,98.083,31.195,42.468,24.42
2024,1,R,TSU,22,RB,28,2,HARD,14,true,10,false,1,6279.729,229.0,251.0,279.0,302.0,98.164,31.266,42.608,24.29
2024,1,R,TSU,22,RB,29,2,HARD,15,true,10,false,1,6377.893,230.0,254.0,278.0,299.0,97.777,31.161,42.542,24.074
2024,1,R,TSU,22,RB,30,2,HARD,16,true,10,false,1,6475.67,232.0,253.0,278.0,299.0,97.477,31.158,42.314,24.005
2024,1,R,TSU,22,RB,31,2,HARD,17,true,10,false,1,6573.147,232.0,253.0,278.0,299.0,97.468,31.151,42.349,23.968
2024,1,R,TSU,22,RB,32,2,HARD,18,true,10,false,1,6670.615,231.0,257.0,278.0,299.0,97.847,31.448,42.329,24.07
2024,1,R,TSU,22,RB,33,2,HARD,19,true,10,false,1,6768.462,232.0,256.0,278.0,300.0,97.498,31.221,42.222,24.055
2024,1,R,TSU,22,RB,34,2,HARD,20,true,10,false,1,6865.96,237.0,258.0,,301.0,100.835,31.415,42.711,26.709
2024,1,R,TSU,22,RB,35,3,HARD,1,true,15,false,1,6966.795,234.0,263.0,281.0,221.0,117.417,52.138,41.771,23.508
2024,1,R,TSU,22,RB,36,3,HARD,2,true,15,false,1,7084.212,235.0,245.0,287.0,302.0,97.706,31.984,41.954,23.768
2024,1,R,TSU,22,RB,37,3,HARD,3,true,14,true,1,7181.918,236.0,257.0,282.0,315.0,95.833,30.48,41.686,23.667
2024,1,R,TSU,22,RB,38,3,HARD,4,true,13,false,1,7277.751,236.0,245.0,281.0,303.0,97.046,30.732,42.39,23.924
2024,1,R,TSU,22,RB,39,3,HARD,5,true,13,false,1,7374.797,234.0,258.0,280.0,304.0,96.125,30.733,41.684,23.708
2024,1,R,TSU,22,RB,40,3,HARD,6,true,13,false,1,7470.922,232.0,258.0,281.0,300.0,96.263,30.886,41.751,23.626
2024,1,R,TSU,22,RB,41,3,HARD,7,true,13,false,1,7567.185,232.0,258.0,280.0,301.0,96.179,30.801,41.719,23.659
2024,1,R,TSU,22,RB,42,3,HARD,8,true,13,false,1,7663.364,234.0,259.0,280.0,300.0,95.981,30.697,41.532,23.752
2024,1,R,TSU,22,RB,43,3,HARD,9,true,13,false,1,7759.345,232.0,258.0,281.0,303.0,95.956,30.713,41.533,23.71
2024,1,R,TSU,22,RB,44,3,HARD,10,true,13,false,1,7855.301,234.0,262.0,281.0,300.0,96.144,30.776,41.594,23.774
2024,1,R,TSU,22,RB,45,3,HARD,11,true,13,false,1,7951.445,235.0,265.0,282.0,303.0,95.964,30.648,41.47,23.846
2024,1,R,TSU,22,RB,46,3,HARD,12,true,13,false,1,8047.409,234.0,264.0,282.0,302.0,96.187,30.807,41.593,23.787
2024,1,R,TSU,22,RB,47,3,HARD,13,true,13,false,1,8143.596,233.0,264.0,283.0,301.0,96.396,30.794,41.765,23.837
2024,1,R,TSU,22,RB,48,3,HARD,14,true,13,false,1,8239.992,235.0,262.0,287.0,304.0,96.554,30.848,41.679,24.027
2024,1,R,TSU,22,RB,49,3,HARD,15,true,13,false,1,8336.546,235.0,265.0,288.0,314.0,96.695,30.67,42.043,23.982
2024,1,R,TSU,22,RB,50,3,HARD,16,true,13,false,1,8433.241,236.0,261.0,289.0,320.0,96.827,30.762,42.171,23.894
2024,1,R,TSU,22,RB,51,3,HARD,17,true,13,false,1,8530.068,236.0,263.0,288.0,323.0,97.067,30.949,42.066,24.052
2024,1,R,TSU,22,RB,52,3,HARD,18,true,14,false,1,8627.135,194.0,259.0,290.0,324.0,99.042,31.511,43.537,23.994
2024,1,R,TSU,22,RB,53,3,HARD,19,true,14,false,1,8726.177,236.0,263.0,289.0,316.0,96.838,30.739,42.138,23.961
2024,1,R,TSU,22,RB,54,3,HARD,20,true,14,false,1,8823.015,236.0,261.0,288.0,319.0,96.672,30.741,41.883,24.048
2024,1,R,TSU,22,RB,55,3,HARD,21,true,14,false,1,8919.687,235.0,263.0,289.0,326.0,97.269,30.81,42.254,24.205
2024,1,R,TSU,22,RB,56,3,HARD,22,true,14,false,1,9016.956,234.0,262.0,288.0,324.0,97.473,30.742,42.53,24.201
2024,1,R,ALB,23,Williams,1,1,SOFT,1,true,11,false,12,3599.911,215.0,245.0,280.0,260.0,103.888,,44.007,24.378
2024,1,R,ALB,23,Williams,2,1,SOFT,2,true,11,true,1,3704.093,229.0,245.0,286.0,295.0,98.826,31.419,43.106,24.301
2024,1,R,ALB,23,Williams,3,1,SOFT,3,true,11,true,1,3802.919,229.0,244.0,286.0,312.0,98.507,31.002,43.081,24.424
2024,1,R,ALB,23,Williams,4,1,SOFT,4,true,11,true,1,3901.426,226.0,244.0,284.0,319.0,98.422,31.023,43.007,24.392
2024,1,R,ALB,23,Williams,5,1,SOFT,5,true,11,false,1,3999.848,228.0,245.0,284.0,310.0,98.509,31.049,43.027,24.433
2024,1,R,ALB,23,Williams,6,1,SOFT,6,true,11,false,1,4098.357,227.0,238.0,280.0,316.0,98.575,31.034,43.141,24.4
2024,1,R,ALB,23,Williams,7,1,SOFT,7,true,11,false,1,4196.932,228.0,243.0,278.0,302.0,98.971,31.498,43.186,24.287
2024,1,R,ALB,23,Williams,8,1,SOFT,8,true,11,false,1,4295.903,232.0,245.0,278.0,293.0,98.66,31.493,42.899,24.268
2024,1,R,ALB,23,Williams,9,1,SOFT,9,true,11,false,1,4394.563,232.0,244.0,279.0,298.0,98.652,31.458,42.976,24.218
2024,1,R,ALB,23,Williams,10,1,SOFT,10,true,11,false,12,4493.215,226.0,248.0,278.0,295.0,98.952,31.624,42.955,24.373
2024,1,R,ALB,23,Williams,11,1,SOFT,11,true,11,false,1,4592.167,230.0,244.0,278.0,297.0,98.835,31.49,42.923,24.422
2024,1,R,ALB,23,Williams,12,1,SOFT,12,true,9,false,1,4691.002,232.0,246.0,279.0,297.0,98.934,31.51,43.065,24.359
2024,1,R,ALB,23,Williams,13,1,SOFT,13,true,6,false,1,4789.936,228.0,243.0,278.0,293.0,98.823,31.569,42.884,24.37
2024,1,R,ALB,23,Williams,14,1,SOFT,14,true,5,false,1,4888.759,229.0,248.0,277.0,296.0,98.977,31.598,42.931,24.448
2024,1,R,ALB,23,Williams,15,1,SOFT,15,true,5,false,1,4987.736,233.0,256.0,,293.0,101.171,31.51,42.741,26.92
2024,1,R,ALB,23,Williams,16,2,HARD,1,true,15,false,1,5088.907,232.0,258.0,288.0,217.0,119.341,52.731,42.591,24.019
2024,1,R,ALB,23,Williams,17,2,HARD,2,true,14,true,1,5208.248,225.0,250.0,279.0,330.0,97.392,30.812,42.564,24.016
2024,1,R,ALB,23,Williams,18,2,HARD,3,true,14,false,1,5305.64,230.0,250.0,280.0,294.0,97.59,31.214,42.369,24.007
2024,1,R,ALB,23,Williams,19,2,HARD,4,true,14,false,1,5403.23,229.0,247.0,280.0,293.0,97.763,31.357,42.448,23.958
2024,1,R,ALB,23,Williams,20,2,HARD,5,true,14,false,1,5500.993,233.0,250.0,280.0,296.0,97.701,31.328,42.379,23.994
2024,1,R,ALB,23,Williams,21,2,HARD,6,true,14,false,1,5598.694,234.0,252.0,279.0,296.0,97.918,31.227,42.44,24.251
2024,1,R,ALB,23,Williams,22,2,HARD,7,true,14,false,1,5696.612,232.0,253.0,280.0,300.0,98.031,31.199,42.733,24.099
2024,1,R,ALB,23,Williams,23,2,HARD,8,true,14,false,1,5794.643,232.0,259.0,288.0,296.0,97.869,31.296,42.361,24.212
2024,1,R,ALB,23,Williams,24,2,HARD,9,true,14,false,1,5892.512,231.0,255.0,286.0,329.0,98.204,31.035,42.857,24.312
2024,1,R,ALB,23,Williams,25,2,HARD,10,true,14,false,1,5990.716,230.0,254.0,287.0,313.0,98.226,31.095,42.952,24.179
2024,1,R,ALB,23,Williams,26,2,HARD,11,true,14,false,1,6088.942,231.0,255.0,288.0,328.0,98.1,31.041,42.821,24.238
2024,1,R,ALB,23,Williams,27,2,HARD,12,true,14,false,1,6187.042,231.0,252.0,286.0,328.0,98.296,31.029,43.069,24.198
2024,1,R,ALB,23,Williams,28,2,HARD,13,true,13,false,1,6285.338,229.0,254.0,285.0,313.0,98.048,31.108,42.692,24.248
2024,1,R,ALB,23,Williams,29,2,HARD,14,true,12,false,1,6383.386,232.0,254.0,286.0,309.0,97.879,31.127,42.585,24.167
2024,1,R,ALB,23,Williams,30,2,HARD,15,true,12,false,1,6481.265,230.0,253.0,288.0,313.0,97.968,31.045,42.634,24.289
2024,1,R,ALB,23,Williams,31,2,HARD,16,true,12,false,1,6579.233,231.0,255.0,286.0,326.0,98.135,31.093,42.811,24.231
2024,1,R,ALB,23,Williams,32,2,HARD,17,true,11,false,1,6677.368,231.0,253.0,279.0,308.0,98.183,31.143,42.707,24.333
2024,1,R,ALB,23,Williams,33,2,HARD,18,true,11,false,1,6775.551,232.0,253.0,279.0,289.0,98.346,31.537,42.677,24.132
2024,1,R,ALB,23,Williams,34,2,HARD,19,true,11,false,1,6873.897,232.0,257.0,280.0,291.0,97.75,31.413,42.368,23.969
2024,1,R,ALB,23,Williams,35,2,HARD,20,true,10,false,1,6971.647,233.0,252.0,279.0,298.0,97.767,31.295,42.496,23.976
2024,1,R,ALB,23,Williams,36,2,HARD,21,true,10,false,1,7069.414,232.0,254.0,,297.0,100.333,31.337,42.433,26.563
2024,1,R,ALB,23,Williams,37,3,HARD,1,true,16,false,1,7169.747,238.0,256.0,282.0,218.0,117.632,52.093,41.867,23.672
2024,1,R,ALB,23,Williams,38,3,HARD,2,true,16,true,1,7287.379,237.0,253.0,282.0,304.0,96.129,30.735,41.742,23.652
2024,1,R,ALB,23,Williams,39,3,HARD,3,true,16,true,1,7383.508,237.0,254.0,282.0,305.0,95.856,30.737,41.65,23.469
2024,1,R,ALB,23,Williams,40,3,HARD,4,true,16,true,1,7479.364,236.0,260.0,281.0,305.0,95.723,30.707,41.503,23.513
2024,1,R,ALB,23,Williams,41,3,HARD,5,true,16,false,1,7575.087,236.0,259.0,282.0,300.0,95.885,30.746,41.557,23.582
2024,1,R,ALB,23,Williams,42,3,HARD,6,true,15,false,1,7670.972,234.0,262.0,281.0,301.0,95.799,30.759,41.498,23.542
2024,1,R,ALB,23,Williams,43,3,HARD,7,true,15,false,1,7766.771,234.0,261.0,281.0,292.0,95.766,30.76,41.472,23.534
2024,1,R,ALB,23,Williams,44,3,HARD,8,true,15,false,1,7862.537,235.0,258.0,281.0,296.0,95.783,30.683,41.497,23.603
2024,1,R,ALB,23,Williams,45,3,HARD,9,true,15,false,1,7958.32,236.0,261.0,281.0,301.0,95.758,30.607,41.495,23.656
2024,1,R,ALB,23,Williams,46,3,HARD,10,true,15,false,1,8054.078,236.0,262.0,281.0,298.0,96.008,30.685,41.635,23.688
2024,1,R,ALB,23,Williams,47,3,HARD,11,true,15,false,1,8150.086,233.0,266.0,282.0,300.0,96.026,30.827,41.57,23.629
2024,1,R,ALB,23,Williams,48,3,HARD,12,true,15,false,1,8246.112,234.0,261.0,281.0,297.0,96.135,30.823,41.628,23.684
2024,1,R,ALB,23,Williams,49,3,HARD,13,true,15,false,1,8342.247,233.0,260.0,262.0,298.0,97.102,30.816,42.435,23.851
2024,1,R,ALB,23,Williams,50,3,HARD,14,true,15,false,1,8439.349,237.0,262.0,281.0,290.0,97.616,31.683,42.121,23.812
2024,1,R,ALB,23,Williams,51,3,HARD,15,true,15,false,1,8536.965,235.0,262.0,280.0,307.0,97.493,30.773,42.878,23.842
2024,1,R,ALB,23,Williams,52,3,HARD,16,true,15,false,1,8634.458,235.0,266.0,282.0,299.0,96.218,30.895,41.58,23.743
2024,1,R,ALB,23,Williams,53,3,HARD,17,true,15,false,1,8730.676,235.0,265.0,281.0,301.0,96.308,30.817,41.683,23.808
2024,1,R,ALB,23,Williams,54,3,HARD,18,true,15,false,1,8826.984,235.0,265.0,281.0,296.0,96.334,30.799,41.741,23.794
2024,1,R,ALB,23,Williams,55,3,HARD,19,true,15,false,1,8923.318,237.0,262.0,284.0,306.0,96.593,30.861,41.91,23.822
2024,1,R,ALB,23,Williams,56,3,HARD,20,true,15,false,1,9019.911,236.0,259.0,284.0,307.0,96.922,30.875,42.085,23.962
2024,1,R,HUL,27,Haas F1 Team,1,1,SOFT,1,true,20,false,12,3599.911,228.0,217.0,,266.0,113.555,,45.619,27.692
2024,1,R,HUL,27,Haas F1 Team,2,2,HARD,1,true,20,false,1,3713.76,231.0,235.0,277.0,212.0,130.911,64.092,42.838,23.981
2024,1,R,HUL,27,Haas F1 Team,3,2,HARD,2,true,20,true,1,3844.671,233.0,234.0,277.0,293.0,97.317,30.97,42.434,23.913
2024,1,R,HUL,27,Haas F1 Team,4,2,HARD,3,true,20,false,1,3941.988,231.0,240.0,278.0,292.0,97.349,30.901,42.469,23.979
2024,1,R,HUL,27,Haas F1 Team,5,2,HARD,4,true,20,false,1,4039.337,232.0,241.0,277.0,295.0,97.663,30.928,42.706,24.029
2024,1,R,HUL,27,Haas F1 Team,6,2,HARD,5,true,20,false,1,4137.0,231.0,236.0,277.0,295.0,97.896,31.013,42.852,24.031
2024,1,R,HUL,27,Haas F1 Team,7,2,HARD,6,true,20,false,1,4234.896,231.0,239.0,278.0,295.0,97.682,30.976,42.75,23.956
2024,1,R,HUL,27,Haas F1 Team,8,2,HARD,7,true,20,false,1,4332.578,232.0,246.0,278.0,296.0,97.82,31.038,42.737,24.045
2024,1,R,HUL,27,Haas F1 Team,9,2,HARD,8,true,20,false,12,4430.398,230.0,243.0,278.0,297.0,97.883,31.041,42.691,24.151
2024,1,R,HUL,27,Haas F1 Team,10,2,HARD,9,true,19,false,21,4528.281,221.0,245.0,278.0,299.0,98.37,31.372,42.839,24.159
2024,1,R,HUL,27,Haas F1 Team,11,2,HARD,10,true,19,false,1,4626.651,233.0,247.0,278.0,299.0,97.638,31.0,42.573,24.065
2024,1,R,HUL,27,Haas F1 Team,12,2,HARD,11,true,19,false,1,4724.289,232.0,250.0,279.0,299.0,97.706,30.977,42.629,24.1
2024,1,R,HUL,27,Haas F1 Team,13,2,HARD,12,true,17,false,1,4821.995,232.0,250.0,278.0,300.0,97.801,31.025,42.677,24.099
2024,1,R,HUL,27,Haas F1 Team,14,2,HARD,13,true,17,false,1,4919.796,235.0,251.0,280.0,302.0,97.879,30.998,42.63,24.251
2024,1,R,HUL,27,Haas F1 Team,15,2,HARD,14,true,17,false,1,5017.675,233.0,251.0,279.0,304.0,98.11,31.168,42.609,24.333
2024,1,R,HUL,27,Haas F1 Team,16,2,HARD,15,true,17,false,1,5115.785,231.0,253.0,279.0,304.0,97.796,31.184,42.535,24.077
2024,1,R,HUL,27,Haas F1 Team,17,2,HARD,16,true,17,false,1,5213.581,233.0,251.0,279.0,304.0,97.891,31.181,42.572,24.138
2024,1,R,HUL,27,Haas F1 Team,18,2,HARD,17,true,17,false,1,5311.472,233.0,249.0,279.0,304.0,98.216,31.05,42.946,24.22
2024,1,R,HUL,27,Haas F1 Team,19,2,HARD,18,true,17,false,1,5409.688,232.0,253.0,279.0,303.0,97.862,31.07,42.542,24.25
2024,1,R,HUL,27,Haas F1 Team,20,2,HARD,19,true,19,false,1,5507.55,231.0,254.0,,304.0,100.798,31.287,42.578,26.933
2024,1,R,HUL,27,Haas F1 Team,21,3,HARD,1,true,19,false,1,5608.348,229.0,236.0,279.0,215.0,118.699,51.92,42.869,23.91
2024,1,R,HUL,27,Haas F1 Team,22,3,HARD,2,true,19,true,1,5727.047,232.0,242.0,279.0,295.0,96.858,30.754,42.343,23.761
2024,1,R,HUL,27,Haas F1 Team,23,3,HARD,3,true,19,true,1,5823.905,235.0,241.0,279.0,298.0,96.725,30.667,42.271,23.787
2024,1,R,HUL,27,Haas F1 Team,24,3,HARD,4,true,19,true,1,5920.63,233.0,247.0,280.0,297.0,96.626,30.673,42.224,23.729
2024,1,R,HUL,27,Haas F1 Team,25,3,HARD,5,true,19,false,1,6017.256,234.0,248.0,280.0,298.0,96.652,30.667,42.124,23.861
2024,1,R,HUL,27,Haas F1 Team,26,3,HARD,6,true,19,true,1,6113.908,235.0,247.0,280.0,301.0,96.548,30.619,42.152,23.777
2024,1,R,HUL,27,Haas F1 Team,27,3,HARD,7,true,19,false,1,6210.456,235.0,252.0,280.0,301.0,96.647,30.719,41.983,23.945
2024,1,R,HUL,27,Haas F1 Team,28,3,HARD,8,true,19,false,1,6307.103,233.0,249.0,281.0,299.0,97.254,31.001,42.31,23.943
2024,1,R,HUL,27,Haas F1 Team,29,3,HARD,9,true,19,false,1,6404.357,233.0,254.0,280.0,302.0,96.837,30.844,42.049,23.944
2024,1,R,HUL,27,Haas F1 Team,30,3,HARD,10,true,19,false,1,6501.194,236.0,252.0,281.0,304.0,96.691,30.738,41.973,23.98
2024,1,R,HUL,27,Haas F1 Team,31,3,HARD,11,true,17,false,1,6597.885,235.0,256.0,282.0,304.0,96.578,30.717,41.966,23.895
2024,1,R,HUL,27,Haas F1 Team,32,3,HARD,12,true,16,false,1,6694.463,233.0,254.0,282.0,304.0,96.935,30.961,41.987,23.987
2024,1,R,HUL,27,Haas F1 Team,33,3,HARD,13,true,15,false,1,6791.398,236.0,256.0,281.0,304.0,96.784,30.819,41.983,23.982
2024,1,R,HUL,27,Haas F1 Team,34,3,HARD,14,true,15,false,1,6888.182,235.0,257.0,282.0,304.0,96.692,30.777,41.947,23.968
2024,1,R,HUL,27,Haas F1 Team,35,3,HARD,15,true,14,false,1,6984.874,235.0,258.0,281.0,303.0,96.959,30.812,42.04,24.107
2024,1,R,HUL,27,Haas F1 Team,36,3,HARD,16,true,13,false,1,7081.833,235.0,258.0,281.0,304.0,96.795,30.86,41.931,24.004
2024,1,R,HUL,27,Haas F1 Team,37,3,HARD,17,true,12,false,1,7178.628,236.0,258.0,282.0,304.0,96.723,30.847,41.94,23.936
2024,1,R,HUL,27,Haas F1 Team,38,3,HARD,18,true,14,false,1,7275.351,236.0,251.0,288.0,304.0,100.083,32.593,42.653,24.837
2024,1,R,HUL,27,Haas F1 Team,39,3,HARD,19,true,14,false,1,7375.434,234.0,256.0,283.0,325.0,97.476,30.911,42.495,24.07
2024,1,R,HUL,27,Haas F1 Team,40,3,HARD,20,true,14,false,1,7472.91,235.0,257.0,281.0,304.0,97.088,30.911,42.126,24.051
2024,1,R,HUL,27,Haas F1 Team,41,3,HARD,21,true,15,false,1,7569.998,236.0,259.0,,304.0,99.569,30.889,42.038,26.642
2024,1,R,HUL,27,Haas F1 Team,42,4,SOFT,2,false,18,false,1,7669.567,233.0,248.0,282.0,221.0,116.108,50.894,41.664,23.55
2024,1,R,HUL,27,Haas F1 Team,43,4,SOFT,3,false,18,true,1,7785.675,237.0,243.0,282.0,303.0,95.76,30.369,41.852,23.539
2024,1,R,HUL,27,Haas F1 Team,44,4,SOFT,4,false,17,true,1,7881.435,239.0,245.0,282.0,304.0,95.59,30.232,41.871,23.487
2024,1,R,HUL,27,Haas F1 Team,45,4,SOFT,5,false,17,true,1,7977.025,238.0,252.0,283.0,303.0,95.119,30.234,41.321,23.564
2024,1,R,HUL,27,Haas F1 Team,46,4,SOFT,6,false,17,true,1,8072.144,238.0,251.0,283.0,303.0,94.834,30.17,41.145,23.519
2024,1,R,HUL,27,Haas F1 Team,47,4,SOFT,7,false,17,false,1,8166.978,237.0,255.0,284.0,304.0,95.226,30.362,41.251,23.613
2024,1,R,HUL,27,Haas F1 Team,48,4,SOFT,8,false,17,false,1,8262.204,238.0,255.0,284.0,306.0,95.146,30.228,41.355,23.563
2024,1,R,HUL,27,Haas F1 Team,49,4,SOFT,9,false,17,false,1,8357.35,239.0,258.0,292.0,307.0,95.494,30.323,41.489,23.682
2024,1,R,HUL,27,Haas F1 Team,50,4,SOFT,10,false,16,false,1,8452.844,237.0,260.0,284.0,332.0,95.167,30.13,41.402,23.635
2024,1,R,HUL,27,Haas F1 Team,51,4,SOFT,11,false,16,false,1,8548.011,237.0,260.0,284.0,305.0,95.529,30.411,41.374,23.744
2024,1,R,HUL,27,Haas F1 Team,52,4,SOFT,12,false,16,false,1,8643.54,235.0,259.0,283.0,303.0,95.921,30.525,41.612,23.784
2024,1,R,HUL,27,Haas F1 Team,53,4,SOFT,13,false,16,false,1,8739.461,236.0,259.0,284.0,306.0,95.994,30.629,41.595,23.77
2024,1,R,HUL,27,Haas F1 Team,54,4,SOFT,14,false,16,false,1,8835.455,235.0,263.0,284.0,305.0,95.786,30.557,41.436,23.793
2024,1,R,HUL,27,Haas F1 Team,55,4,SOFT,15,false,16,false,1,8931.241,236.0,263.0,282.0,305.0,95.736,30.629,41.384,23.723
2024,1,R,HUL,27,Haas F1 Team,56,4,SOFT,16,false,16,false,1,9026.977,239.0,269.0,283.0,306.0,95.602,30.546,41.304,23.752
2024,1,R,OCO,31,Alpine,1,1,SOFT,1,true,16,false,12,3599.911,230.0,252.0,276.0,255.0,106.657,,43.42,24.385
2024,1,R,OCO,31,Alpine,2,1,SOFT,2,true,16,true,1,3706.862,229.0,245.0,284.0,283.0,99.094,32.005,42.719,24.37
2024,1,R,OCO,31,Alpine,3,1,SOFT,3,true,16,true,1,3805.956,229.0,246.0,284.0,295.0,98.771,31.255,43.007,24.509
2024,1,R,OCO,31,Alpine,4,1,SOFT,4,true,16,true,1,3904.727,229.0,246.0,283.0,306.0,98.625,31.246,42.915,24.464
2024,1,R,OCO,31,Alpine,5,1,SOFT,5,true,16,false,1,4003.352,229.0,247.0,285.0,305.0,98.64,31.171,42.891,24.578
2024,1,R,OCO,31,Alpine,6,1,SOFT,6,true,16,false,1,4101.992,229.0,247.0,282.0,301.0,98.874,31.245,42.978,24.651
2024,1,R,OCO,31,Alpine,7,1,SOFT,7,true,16,false,1,4200.866,229.0,245.0,284.0,304.0,99.152,31.404,43.089,24.659
2024,1,R,OCO,31,Alpine,8,1,SOFT,8,true,16,false,1,4300.018,230.0,246.0,284.0,313.0,99.422,31.252,43.382,24.788
2024,1,R,OCO,31,Alpine,9,1,SOFT,9,true,15,false,1,4399.44,230.0,249.0,284.0,303.0,99.312,31.189,43.409,24.714
2024,1,R,OCO,31,Alpine,10,1,SOFT,10,true,16,false,12,4498.752,229.0,253.0,,312.0,101.642,31.308,42.956,27.378
2024,1,R,OCO,31,Alpine,11,2,HARD,1,true,18,false,1,4600.394,229.0,253.0,275.0,215.0,119.014,52.676,42.347,23.991
2024,1,R,OCO,31,Alpine,12,2,HARD,2,true,18,true,1,4719.408,234.0,253.0,276.0,291.0,97.599,31.175,42.399,24.025
2024,1,R,OCO,31,Alpine,13,2,HARD,3,true,16,true,1,4817.007,230.0,255.0,276.0,291.0,97.363,31.319,42.14,23.904
2024,1,R,OCO,31,Alpine,14,2,HARD,4,true,15,false,1,4914.37,230.0,255.0,276.0,292.0,97.537,31.174,42.329,24.034
2024,1,R,OCO,31,Alpine,15,2,HARD,5,true,15,false,1,5011.907,229.0,254.0,277.0,290.0,97.843,31.282,42.383,24.178
2024,1,R,OCO,31,Alpine,16,2,HARD,6,true,14,false,1,5109.75,228.0,254.0,277.0,293.0,97.902,31.35,42.448,24.104
2024,1,R,OCO,31,Alpine,17,2,HARD,7,true,15,false,1,5207.652,232.0,253.0,282.0,301.0,98.911,31.653,43.083,24.175
2024,1,R,OCO,31,Alpine,18,2,HARD,8,true,15,false,1,5306.563,230.0,253.0,276.0,310.0,98.12,31.12,42.845,24.155
2024,1,R,OCO,31,Alpine,19,2,HARD,9,true,15,false,1,5404.683,229.0,255.0,276.0,295.0,98.332,31.57,42.478,24.284
2024,1,R,OCO,31,Alpine,20,2,HARD,10,true,15,false,1,5503.015,230.0,255.0,275.0,289.0,98.185,31.445,42.472,24.268
2024,1,R,OCO,31,Alpine,21,2,HARD,11,true,16,false,1,5601.2,234.0,255.0,277.0,290.0,99.363,31.9,43.094,24.369
2024,1,R,OCO,31,Alpine,22,2,HARD,12,true,16,false,1,5700.563,230.0,253.0,276.0,293.0,98.655,31.553,42.777,24.325
2024,1,R,OCO,31,Alpine,23,2,HARD,13,true,16,false,1,5799.218,231.0,251.0,275.0,289.0,98.407,31.49,42.677,24.24
2024,1,R,OCO,31,Alpine,24,2,HARD,14,true,16,false,1,5897.625,230.0,254.0,275.0,288.0,98.42,31.474,42.691,24.255
2024,1,R,OCO,31,Alpine,25,2,HARD,15,true,16,false,1,5996.045,231.0,254.0,276.0,291.0,98.494,31.546,42.7,24.248
2024,1,R,OCO,31,Alpine,26,2,HARD,16,true,16,false,1,6094.539,231.0,255.0,275.0,289.0,98.665,31.521,42.891,24.253
2024,1,R,OCO,31,Alpine,27,2,HARD,17,true,16,false,1,6193.204,230.0,251.0,275.0,289.0,98.549,31.543,42.749,24.257
2024,1,R,OCO,31,Alpine,28,2,HARD,18,true,15,false,1,6291.753,232.0,254.0,276.0,290.0,98.372,31.492,42.678,24.202
2024,1,R,OCO,31,Alpine,29,2,HARD,19,true,14,false,1,6390.125,232.0,254.0,276.0,288.0,98.556,31.562,42.663,24.331
2024,1,R,OCO,31,Alpine,30,2,HARD,20,true,14,false,1,6488.681,232.0,254.0,,291.0,101.21,31.546,42.7,26.964
2024,1,R,OCO,31,Alpine,31,3,HARD,1,true,18,false,1,6589.891,230.0,251.0,277.0,215.0,119.322,52.935,42.397,23.99
2024,1,R,OCO,31,Alpine,32,3,HARD,2,true,17,true,1,6709.213,234.0,251.0,277.0,292.0,96.887,31.059,41.959,23.869
2024,1,R,OCO,31,Alpine,33,3,HARD,3,true,17,true,1,6806.1,233.0,251.0,277.0,289.0,96.704,30.989,41.875,23.84
2024,1,R,OCO,31,Alpine,34,3,HARD,4,true,17,true,1,6902.804,233.0,255.0,277.0,290.0,96.226,30.898,41.549,23.779
2024,1,R,OCO,31,Alpine,35,3,HARD,5,true,17,false,1,6999.03,232.0,256.0,277.0,288.0,96.354,31.008,41.594,23.752
2024,1,R,OCO,31,Alpine,36,3,HARD,6,true,17,false,1,7095.384,233.0,256.0,278.0,290.0,97.229,31.212,42.148,23.869
2024,1,R,OCO,31,Alpine,37,3,HARD,7,true,17,false,1,7192.613,231.0,256.0,279.0,294.0,96.58,31.059,41.755,23.766
2024,1,R,OCO,31,Alpine,38,3,HARD,8,true,17,false,1,7289.193,232.0,256.0,277.0,293.0,96.814,31.07,41.869,23.875
2024,1,R,OCO,31,Alpine,39,3,HARD,9,true,17,false,1,7386.007,232.0,256.0,277.0,290.0,96.552,31.088,41.717,23.747
2024,1,R,OCO,31,Alpine,40,3,HARD,10,true,17,false,1,7482.559,233.0,254.0,277.0,291.0,96.608,31.053,41.754,23.801
2024,1,R,OCO,31,Alpine,41,3,HARD,11,true,17,false,1,7579.167,233.0,255.0,278.0,290.0,96.621,31.034,41.826,23.761
2024,1,R,OCO,31,Alpine,42,3,HARD,12,true,16,false,1,7675.788,232.0,255.0,277.0,290.0,96.592,31.025,41.766,23.801
2024,1,R,OCO,31,Alpine,43,3,HARD,13,true,16,false,1,7772.38,233.0,255.0,277.0,289.0,96.679,31.035,41.852,23.792
2024,1,R,OCO,31,Alpine,44,3,HARD,14,true,16,false,1,7869.059,232.0,255.0,277.0,290.0,96.649,31.094,41.772,23.783
2024,1,R,OCO,31,Alpine,45,3,HARD,15,true,16,false,1,7965.708,232.0,257.0,279.0,290.0,98.049,31.188,43.027,23.834
2024,1,R,OCO,31,Alpine,46,3,HARD,16,true,16,false,1,8063.757,231.0,257.0,277.0,294.0,96.975,31.151,42.048,23.776
2024,1,R,OCO,31,Alpine,47,3,HARD,17,true,16,false,1,8160.732,234.0,256.0,277.0,293.0,96.656,31.026,41.861,23.769
2024,1,R,OCO,31,Alpine,48,3,HARD,18,true,16,false,1,8257.388,234.0,256.0,277.0,292.0,97.117,31.177,42.045,23.895
2024,1,R,OCO,31,Alpine,49,3,HARD,19,true,16,false,1,8354.505,235.0,257.0,279.0,292.0,97.726,31.483,42.304,23.939
2024,1,R,OCO,31,Alpine,50,3,HARD,20,true,17,false,1,8452.231,232.0,258.0,279.0,295.0,97.784,31.552,42.293,23.939
2024,1,R,OCO,31,Alpine,51,3,HARD,21,true,17,false,1,8550.015,233.0,257.0,278.0,295.0,97.091,31.083,42.138,23.87
2024,1,R,OCO,31,Alpine,52,3,HARD,22,true,17,false,1,8647.106,233.0,257.0,285.0,292.0,98.631,31.094,42.116,25.421
2024,1,R,OCO,31,Alpine,53,3,HARD,23,true,17,false,1,8745.737,235.0,258.0,279.0,313.0,97.145,31.023,42.181,23.941
2024,1,R,OCO,31,Alpine,54,3,HARD,24,true,17,false,1,8842.882,234.0,258.0,279.0,294.0,98.707,32.402,42.373,23.932
2024,1,R,OCO,31,Alpine,55,3,HARD,25,true,17,false,1,8941.589,235.0,257.0,278.0,294.0,97.393,31.146,42.266,23.981
2024,1,R,OCO,31,Alpine,56,3,HARD,26,true,17,false,1,9038.982,237.0,257.0,278.0,294.0,97.415,31.133,42.224,24.058
2024,1,R,GAS,10,Alpine,1,1,SOFT,1,true,17,false,12,3599.911,231.0,246.0,276.0,272.0,107.24,,43.704,24.393
2024,1,R,GAS,10,Alpine,2,1,SOFT,2,true,17,true,1,3707.445,229.0,245.0,284.0,266.0,99.059,31.86,42.743,24.456
2024,1,R,GAS,10,Alpine,3,1,SOFT,3,true,17,true,1,3806.504,229.0,245.0,283.0,302.0,98.744,31.254,42.848,24.642
2024,1,R,GAS,10,Alpine,4,1,SOFT,4,true,17,true,1,3905.248,228.0,249.0,284.0,302.0,98.503,31.305,42.705,24.493
2024,1,R,GAS,10,Alpine,5,1,SOFT,5,true,17,false,1,4003.751,227.0,247.0,285.0,301.0,98.664,31.344,42.718,24.602
2024,1,R,GAS,10,Alpine,6,1,SOFT,6,true,17,false,1,4102.415,226.0,246.0,283.0,297.0,99.099,31.457,42.995,24.647
2024,1,R,GAS,10,Alpine,7,1,SOFT,7,true,17,false,1,4201.514,227.0,240.0,283.0,297.0,99.078,31.353,43.11,24.615
2024,1,R,GAS,10,Alpine,8,1,SOFT,8,true,17,false,1,4300.592,230.0,248.0,284.0,304.0,99.287,31.21,43.311,24.766
2024,1,R,GAS,10,Alpine,9,1,SOFT,9,true,17,false,1,4399.879,228.0,245.0,283.0,310.0,99.452,31.4,43.321,24.731
2024,1,R,GAS,10,Alpine,10,1,SOFT,10,true,14,false,12,4499.331,229.0,252.0,279.0,300.0,98.929,31.383,43.016,24.53
2024,1,R,GAS,10,Alpine,11,1,SOFT,11,true,14,false,1,4598.26,229.0,245.0,278.0,296.0,98.656,31.329,42.886,24.441
2024,1,R,GAS,10,Alpine,12,1,SOFT,12,true,12,false,1,4696.916,230.0,252.0,,301.0,101.456,31.328,42.787,27.341
2024,1,R,GAS,10,Alpine,13,2,HARD,1,true,18,false,1,4798.372,228.0,252.0,275.0,215.0,124.565,57.71,42.728,24.127
2024,1,R,GAS,10,Alpine,14,2,HARD,2,true,19,true,1,4922.937,235.0,255.0,281.0,296.0,97.689,31.44,42.233,24.016
2024,1,R,GAS,10,Alpine,15,2,HARD,3,true,19,true,1,5020.626,227.0,254.0,282.0,311.0,97.492,30.978,42.383,24.131
2024,1,R,GAS,10,Alpine,16,2,HARD,4,true,19,false,1,5118.118,228.0,255.0,282.0,309.0,97.521,30.874,42.396,24.251
2024,1,R,GAS,10,Alpine,17,2,HARD,5,true,19,false,1,5215.639,228.0,250.0,282.0,310.0,97.949,31.153,42.548,24.248
2024,1,R,GAS,10,Alpine,18,2,HARD,6,true,19,false,1,5313.588,229.0,251.0,283.0,312.0,97.791,30.98,42.45,24.361
2024,1,R,GAS,10,Alpine,19,2,HARD,7,true,19,false,1,5411.379,230.0,255.0,284.0,311.0,97.702,30.968,42.47,24.264
2024,1,R,GAS,10,Alpine,20,2,HARD,8,true,18,false,1,5509.081,231.0,254.0,282.0,303.0,98.036,31.193,42.487,24.356
2024,1,R,GAS,10,Alpine,21,2,HARD,9,true,18,false,1,5607.117,229.0,255.0,281.0,300.0,98.094,31.173,42.541,24.38
2024,1,R,GAS,10,Alpine,22,2,HARD,10,true,18,false,1,5705.211,230.0,254.0,282.0,308.0,97.868,31.145,42.536,24.187
2024,1,R,GAS,10,Alpine,23,2,HARD,11,true,18,false,1,5803.079,230.0,254.0,282.0,305.0,98.104,31.195,42.586,24.323
2024,1,R,GAS,10,Alpine,24,2,HARD,12,true,18,false,1,5901.183,232.0,253.0,281.0,303.0,98.192,31.232,42.57,24.39
2024,1,R,GAS,10,Alpine,25,2,HARD,13,true,18,false,1,5999.375,231.0,255.0,281.0,308.0,98.16,31.096,42.716,24.348
2024,1,R,GAS,10,Alpine,26,2,HARD,14,true,18,false,1,6097.535,230.0,254.0,283.0,309.0,98.379,31.256,42.673,24.45
2024,1,R,GAS,10,Alpine,27,2,HARD,15,true,18,false,1,6195.914,230.0,253.0,282.0,308.0,98.4,31.171,42.747,24.482
2024,1,R,GAS,10,Alpine,28,2,HARD,16,true,17,false,1,6294.314,232.0,253.0,282.0,299.0,98.615,31.351,42.788,24.476
2024,1,R,GAS,10,Alpine,29,2,HARD,17,true,16,false,1,6392.929,233.0,255.0,282.0,306.0,98.55,31.301,42.807,24.442
2024,1,R,GAS,10,Alpine,30,2,HARD,18,true,15,false,1,6491.479,231.0,256.0,280.0,302.0,98.832,31.368,42.942,24.522
2024,1,R,GAS,10,Alpine,31,2,HARD,19,true,16,false,1,6590.311,231.0,254.0,,308.0,100.432,31.182,42.455,26.795
2024,1,R,GAS,10,Alpine,32,3,HARD,1,true,18,false,1,6690.743,232.0,251.0,276.0,219.0,119.77,53.98,41.978,23.812
2024,1,R,GAS,10,Alpine,33,3,HARD,2,true,18,true,1,6810.513,236.0,253.0,276.0,290.0,96.112,30.887,41.506,23.719
2024,1,R,GAS,10,Alpine,34,3,HARD,3,true,18,false,1,6906.625,229.0,255.0,277.0,287.0,96.622,31.142,41.747,23.733
2024,1,R,GAS,10,Alpine,35,3,HARD,4,true,18,false,1,7003.247,230.0,256.0,276.0,290.0,96.313,31.058,41.573,23.682
2024,1,R,GAS,10,Alpine,36,3,HARD,5,true,18,false,1,7099.56,232.0,255.0,277.0,290.0,96.45,31.034,41.612,23.804
2024,1,R,GAS,10,Alpine,37,3,HARD,6,true,18,false,1,7196.01,232.0,255.0,277.0,291.0,96.629,31.148,41.595,23.886
2024,1,R,GAS,10,Alpine,38,3,HARD,7,true,18,false,1,7292.639,231.0,256.0,277.0,289.0,96.802,31.122,41.764,23.916
2024,1,R,GAS,10,Alpine,39,3,HARD,8,true,18,false,1,7389.441,230.0,257.0,277.0,291.0,96.537,31.022,41.7,23.815
2024,1,R,GAS,10,Alpine,40,3,HARD,9,true,18,false,1,7485.978,232.0,256.0,277.0,290.0,96.742,31.023,41.793,23.926
2024,1,R,GAS,10,Alpine,41,3,HARD,10,true,18,false,1,7582.72,234.0,256.0,278.0,293.0,96.571,30.968,41.751,23.852
2024,1,R,GAS,10,Alpine,42,3,HARD,11,true,17,false,1,7679.291,233.0,256.0,277.0,292.0,96.631,30.98,41.74,23.911
2024,1,R,GAS,10,Alpine,43,3,HARD,12,true,17,false,1,7775.922,232.0,256.0,,292.0,99.291,31.165,41.852,26.274
2024,1,R,GAS,10,Alpine,44,4,SOFT,1,true,18,false,1,7875.213,233.0,254.0,278.0,221.0,116.481,51.887,41.099,23.495
2024,1,R,GAS,10,Alpine,45,4,SOFT,2,true,18,true,1,7991.694,237.0,254.0,278.0,295.0,94.805,30.509,40.913,23.383
2024,1,R,GAS,10,Alpine,46,4,SOFT,3,true,18,false,1,8086.499,234.0,255.0,278.0,289.0,95.293,30.758,41.137,23.398
2024,1,R,GAS,10,Alpine,47,4,SOFT,4,true,18,false,1,8181.792,230.0,255.0,279.0,290.0,95.341,30.735,41.065,23.541
2024,1,R,GAS,10,Alpine,48,4,SOFT,5,true,18,false,1,8277.133,232.0,255.0,278.0,290.0,95.411,30.776,41.156,23.479
2024,1,R,GAS,10,Alpine,49,4,SOFT,6,true,18,false,1,8372.544,229.0,257.0,278.0,291.0,95.511,30.71,41.288,23.513
2024,1,R,GAS,10,Alpine,50,4,SOFT,7,true,18,false,1,8468.055,231.0,257.0,277.0,293.0,95.228,30.647,41.016,23.565
2024,1,R,GAS,10,Alpine,51,4,SOFT,8,true,18,false,1,8563.283,233.0,256.0,277.0,292.0,95.334,30.673,41.111,23.55
2024,1,R,GAS,10,Alpine,52,4,SOFT,9,true,18,false,1,8658.617,233.0,256.0,278.0,291.0,95.511,30.714,41.158,23.639
2024,1,R,GAS,10,Alpine,53,4,SOFT,10,true,18,false,1,8754.128,234.0,257.0,278.0,294.0,95.389,30.6,41.223,23.566
2024,1,R,GAS,10,Alpine,54,4,SOFT,11,true,18,false,1,8849.517,234.0,256.0,278.0,291.0,95.853,30.833,41.349,23.671
2024,1,R,GAS,10,Alpine,55,4,SOFT,12,true,18,false,1,8945.37,234.0,257.0,278.0,293.0,95.908,30.912,41.329,23.667
2024,1,R,GAS,10,Alpine,56,4,SOFT,13,true,18,false,1,9041.278,234.0,263.0,282.0,295.0,96.086,30.888,41.288,23.91
2024,1,R,BOT,77,Kick Sauber,1,1,SOFT,1,true,18,false,12,3599.911,231.0,252.0,278.0,256.0,108.536,,43.737,24.122
2024,1,R,BOT,77,Kick Sauber,2,1,SOFT,2,true,18,true,1,3708.741,232.0,247.0,287.0,299.0,98.259,31.351,42.663,24.245
2024,1,R,BOT,77,Kick Sauber,3,1,SOFT,3,true,18,false,1,3807.0,233.0,248.0,285.0,305.0,98.837,31.119,43.321,24.397
2024,1,R,BOT,77,Kick Sauber,4,1,SOFT,4,true,18,false,1,3905.837,229.0,247.0,284.0,300.0,98.643,31.127,43.121,24.395
2024,1,R,BOT,77,Kick Sauber,5,1,SOFT,5,true,19,false,1,4004.48,231.0,244.0,284.0,323.0,100.087,31.083,44.295,24.709
2024,1,R,BOT,77,Kick Sauber,6,1,SOFT,6,true,19,false,1,4104.567,233.0,251.0,282.0,314.0,99.206,31.184,43.504,24.518
2024,1,R,BOT,77,Kick Sauber,7,1,SOFT,7,true,19,false,1,4203.773,231.0,247.0,284.0,318.0,98.654,31.034,43.072,24.548
2024,1,R,BOT,77,Kick Sauber,8,1,SOFT,8,true,19,false,1,4302.427,230.0,247.0,284.0,320.0,98.968,30.959,43.356,24.653
2024,1,R,BOT,77,Kick Sauber,9,1,SOFT,9,true,18,false,1,4401.395,229.0,247.0,283.0,319.0,99.425,31.373,43.349,24.703
2024,1,R,BOT,77,Kick Sauber,10,1,SOFT,10,true,15,false,12,4500.82,224.0,248.0,277.0,318.0,99.112,31.409,43.189,24.514
2024,1,R,BOT,77,Kick Sauber,11,1,SOFT,11,true,15,false,1,4599.932,232.0,252.0,278.0,301.0,99.187,31.524,43.182,24.481
2024,1,R,BOT,77,Kick Sauber,12,1,SOFT,12,true,14,false,1,4699.119,234.0,250.0,,303.0,103.145,31.822,43.874,27.449
2024,1,R,BOT,77,Kick Sauber,13,2,HARD,1,true,19,false,1,4802.264,231.0,256.0,287.0,215.0,121.081,54.41,42.543,24.128
2024,1,R,BOT,77,Kick Sauber,14,2,HARD,2,true,18,true,1,4923.345,231.0,257.0,279.0,321.0,96.454,30.501,42.067,23.886
2024,1,R,BOT,77,Kick Sauber,15,2,HARD,3,true,18,false,1,5019.799,231.0,253.0,280.0,303.0,97.287,31.063,42.254,23.97
2024,1,R,BOT,77,Kick Sauber,16,2,HARD,4,true,18,false,1,5117.086,231.0,253.0,280.0,295.0,97.718,31.204,42.422,24.092
2024,1,R,BOT,77,Kick Sauber,17,2,HARD,5,true,18,false,1,5214.804,232.0,253.0,280.0,297.0,97.765,31.183,42.454,24.128
2024,1,R,BOT,77,Kick Sauber,18,2,HARD,6,true,18,false,1,5312.569,232.0,247.0,285.0,299.0,97.918,31.142,42.597,24.179
2024,1,R,BOT,77,Kick Sauber,19,2,HARD,7,true,18,false,1,5410.487,232.0,252.0,285.0,315.0,97.662,30.897,42.483,24.282
2024,1,R,BOT,77,Kick Sauber,20,2,HARD,8,true,17,false,1,5508.149,233.0,251.0,282.0,315.0,98.285,31.078,42.852,24.355
2024,1,R,BOT,77,Kick Sauber,21,2,HARD,9,true,17,false,1,5606.434,230.0,253.0,278.0,315.0,97.73,31.02,42.534,24.176
2024,1,R,BOT,77,Kick Sauber,22,2,HARD,10,true,17,false,1,5704.164,233.0,250.0,279.0,298.0,97.998,31.34,42.454,24.204
2024,1,R,BOT,77,Kick Sauber,23,2,HARD,11,true,17,false,1,5802.162,234.0,251.0,279.0,299.0,98.18,31.375,42.575,24.23
2024,1,R,BOT,77,Kick Sauber,24,2,HARD,12,true,17,false,1,5900.342,234.0,250.0,279.0,299.0,98.146,31.186,42.705,24.255
2024,1,R,BOT,77,Kick Sauber,25,2,HARD,13,true,17,false,1,5998.488,235.0,248.0,279.0,301.0,98.262,31.299,42.697,24.266
2024,1,R,BOT,77,Kick Sauber,26,2,HARD,14,true,17,false,1,6096.75,234.0,254.0,280.0,303.0,98.308,31.266,42.752,24.29
2024,1,R,BOT,77,Kick Sauber,27,2,HARD,15,true,17,false,1,6195.058,235.0,252.0,280.0,302.0,98.426,31.325,42.741,24.36
2024,1,R,BOT,77,Kick Sauber,28,2,HARD,16,true,16,false,1,6293.484,234.0,250.0,280.0,302.0,98.595,31.285,42.889,24.421
2024,1,R,BOT,77,Kick Sauber,29,2,HARD,17,true,15,false,1,6392.079,233.0,253.0,280.0,299.0,98.654,31.344,42.981,24.329
2024,1,R,BOT,77,Kick Sauber,30,2,HARD,18,true,16,false,1,6490.733,233.0,254.0,,300.0,101.252,31.469,42.763,27.02
2024,1,R,BOT,77,Kick Sauber,31,3,HARD,1,true,19,false,1,6591.985,231.0,252.0,280.0,186.0,,,42.63,23.793
2024,1,R,BOT,77,Kick Sauber,32,3,HARD,2,true,19,false,1,6762.259,233.0,252.0,281.0,295.0,96.763,30.988,42.106,23.669
2024,1,R,BOT,77,Kick Sauber,33,3,HARD,3,true,19,true,1,6859.022,236.0,254.0,281.0,298.0,96.202,30.95,41.558,23.694
2024,1,R,BOT,77,Kick Sauber,34,3,HARD,4,true,19,false,1,6955.224,236.0,258.0,281.0,299.0,98.009,32.25,42.108,23.651
2024,1,R,BOT,77,Kick Sauber,35,3,HARD,5,true,19,false,1,7053.233,235.0,253.0,282.0,300.0,96.578,30.892,41.986,23.7
2024,1,R,BOT,77,Kick Sauber,36,3,HARD,6,true,19,false,1,7149.811,237.0,252.0,281.0,303.0,96.792,30.8,41.963,24.029
2024,1,R,BOT,77,Kick Sauber,37,3,HARD,7,true,19,false,1,7246.603,236.0,251.0,281.0,264.0,98.008,31.511,42.24,24.257
2024,1,R,BOT,77,Kick Sauber,38,3,HARD,8,true,19,false,1,7344.611,238.0,255.0,281.0,259.0,97.774,31.497,42.346,23.931
2024,1,R,BOT,77,Kick Sauber,39,3,HARD,9,true,19,false,1,7442.385,235.0,253.0,282.0,302.0,97.189,31.047,42.287,23.855
2024,1,R,BOT,77,Kick Sauber,40,3,HARD,10,true,19,false,1,7539.574,235.0,250.0,280.0,301.0,97.393,30.903,42.672,23.818
2024,1,R,BOT,77,Kick Sauber,41,3,HARD,11,true,19,false,1,7636.967,235.0,258.0,280.0,298.0,96.437,30.804,41.851,23.782
2024,1,R,BOT,77,Kick Sauber,42,3,HARD,12,true,19,false,1,7733.404,235.0,256.0,280.0,297.0,96.374,30.9,41.717,23.757
2024,1,R,BOT,77,Kick Sauber,43,3,HARD,13,true,19,false,1,7829.778,236.0,258.0,280.0,298.0,96.569,30.907,41.761,23.901
2024,1,R,BOT,77,Kick Sauber,44,3,HARD,14,true,19,false,1,7926.347,235.0,255.0,280.0,295.0,96.63,30.844,41.917,23.869
2024,1,R,BOT,77,Kick Sauber,45,3,HARD,15,true,19,false,1,8022.977,234.0,257.0,280.0,296.0,96.663,30.916,41.985,23.762
2024,1,R,BOT,77,Kick Sauber,46,3,HARD,16,true,19,false,1,8119.64,237.0,261.0,281.0,298.0,96.297,30.825,41.72,23.752
2024,1,R,BOT,77,Kick Sauber,47,3,HARD,17,true,19,false,1,8215.937,236.0,259.0,280.0,296.0,96.604,30.873,41.907,23.824
2024,1,R,BOT,77,Kick Sauber,48,3,HARD,18,true,19,false,1,8312.541,236.0,256.0,280.0,297.0,96.765,30.913,41.993,23.859
2024,1,R,BOT,77,Kick Sauber,49,3,HARD,19,true,19,false,1,8409.306,236.0,261.0,280.0,299.0,96.91,31.028,42.029,23.853
2024,1,R,BOT,77,Kick Sauber,50,3,HARD,20,true,19,false,1,8506.216,234.0,258.0,280.0,296.0,96.91,31.025,41.997,23.888
2024,1,R,BOT,77,Kick Sauber,51,3,HARD,21,true,19,false,1,8603.126,236.0,257.0,280.0,297.0,96.819,31.019,41.936,23.864
2024,1,R,BOT,77,Kick Sauber,52,3,HARD,22,true,19,false,1,8699.945,237.0,259.0,280.0,298.0,96.949,30.997,41.98,23.972
2024,1,R,BOT,77,Kick Sauber,53,3,HARD,23,true,19,false,1,8796.894,237.0,258.0,287.0,299.0,99.035,30.979,42.128,25.928
2024,1,R,BOT,77,Kick Sauber,54,3,HARD,24,true,19,false,1,8895.929,237.0,256.0,281.0,322.0,97.095,30.705,42.292,24.098
2024,1,R,BOT,77,Kick Sauber,55,3,HARD,25,true,19,false,1,8993.024,236.0,260.0,280.0,303.0,97.205,31.026,42.195,23.984
2024,1,R,BOT,77,Kick Sauber,56,3,HARD,26,true,19,false,1,9090.229,237.0,259.0,280.0,301.0,97.956,31.235,42.521,24.2
2024,1,R,SAR,2,Williams,1,1,SOFT,1,true,15,false,12,3599.911,230.0,249.0,285.0,231.0,105.921,,43.162,24.178
2024,1,R,SAR,2,Williams,2,1,SOFT,2,true,14,true,1,3706.126,231.0,248.0,282.0,308.0,98.481,31.096,43.005,24.38
2024,1,R,SAR,2,Williams,3,1,SOFT,3,true,14,false,1,3804.607,229.0,245.0,285.0,308.0,98.707,31.105,43.155,24.447
2024,1,R,SAR,2,Williams,4,1,SOFT,4,true,14,true,1,3903.314,228.0,249.0,283.0,309.0,98.39,31.044,42.904,24.442
2024,1,R,SAR,2,Williams,5,1,SOFT,5,true,14,false,1,4001.704,227.0,248.0,281.0,312.0,98.757,31.048,43.209,24.5
2024,1,R,SAR,2,Williams,6,1,SOFT,6,true,14,false,1,4100.461,227.0,251.0,282.0,308.0,98.582,31.037,42.981,24.564
2024,1,R,SAR,2,Williams,7,1,SOFT,7,true,14,false,1,4199.043,227.0,251.0,281.0,313.0,99.464,31.373,43.491,24.6
2024,1,R,SAR,2,Williams,8,1,SOFT,8,true,14,false,1,4298.507,227.0,252.0,280.0,313.0,99.58,31.566,43.336,24.678
2024,1,R,SAR,2,Williams,9,1,SOFT,9,true,13,false,1,4398.087,228.0,252.0,277.0,310.0,99.366,31.398,43.299,24.669
2024,1,R,SAR,2,Williams,10,1,SOFT,10,true,20,false,12,4497.453,208.0,195.0,,293.0,,83.3,46.732,31.828
2024,1,R,SAR,2,Williams,11,2,HARD,1,true,20,false,1,4659.304,225.0,253.0,244.0,203.0,132.438,64.866,42.959,24.613
2024,1,R,SAR,2,Williams,12,2,HARD,2,true,20,false,1,4791.742,233.0,255.0,278.0,297.0,98.493,31.666,42.766,24.061
2024,1,R,SAR,2,Williams,13,2,HARD,3,true,20,false,1,4890.235,231.0,253.0,249.0,298.0,100.989,31.427,43.601,25.961
2024,1,R,SAR,2,Williams,14,2,HARD,4,true,20,false,1,4991.224,215.0,258.0,279.0,255.0,101.47,34.301,43.043,24.126
2024,1,R,SAR,2,Williams,15,2,HARD,5,true,20,true,1,5092.694,228.0,259.0,279.0,303.0,97.594,31.044,42.414,24.136
2024,1,R,SAR,2,Williams,16,2,HARD,6,true,20,false,1,5190.288,232.0,256.0,279.0,227.0,101.37,34.383,42.896,24.091
2024,1,R,SAR,2,Williams,17,2,HARD,7,true,20,false,1,5291.658,230.0,256.0,281.0,294.0,99.758,31.181,42.77,25.807
2024,1,R,SAR,2,Williams,18,2,HARD,8,true,20,false,1,5391.416,232.0,260.0,279.0,291.0,98.077,31.257,42.709,24.111
2024,1,R,SAR,2,Williams,19,2,HARD,9,true,20,false,1,5489.493,232.0,259.0,279.0,295.0,97.742,31.201,42.532,24.009
2024,1,R,SAR,2,Williams,20,2,HARD,10,true,20,false,1,5587.235,231.0,256.0,279.0,297.0,97.82,31.11,42.663,24.047
2024,1,R,SAR,2,Williams,21,2,HARD,11,true,20,false,1,5685.055,229.0,254.0,278.0,293.0,98.009,31.167,42.681,24.161
2024,1,R,SAR,2,Williams,22,2,HARD,12,true,20,false,1,5783.064,232.0,258.0,279.0,296.0,97.728,31.115,42.516,24.097
2024,1,R,SAR,2,Williams,23,2,HARD,13,true,20,false,1,5880.792,232.0,258.0,279.0,295.0,97.621,31.065,42.487,24.069
2024,1,R,SAR,2,Williams,24,2,HARD,14,true,20,false,1,5978.413,230.0,253.0,283.0,296.0,99.437,31.076,42.618,25.743
2024,1,R,SAR,2,Williams,25,2,HARD,15,true,20,false,1,6077.85,213.0,259.0,279.0,290.0,99.093,32.025,42.881,24.187
2024,1,R,SAR,2,Williams,26,2,HARD,16,true,20,false,1,6176.943,230.0,255.0,279.0,297.0,97.859,31.152,42.533,24.174
2024,1,R,SAR,2,Williams,27,2,HARD,17,true,20,false,1,6274.802,230.0,256.0,278.0,294.0,98.288,31.178,42.806,24.304
2024,1,R,SAR,2,Williams,28,2,HARD,18,true,20,false,1,6373.09,231.0,259.0,,295.0,100.535,31.128,42.603,26.804
2024,1,R,SAR,2,Williams,29,3,HARD,1,true,20,false,1,6473.625,231.0,260.0,281.0,218.0,121.581,52.601,45.132,23.848
2024,1,R,SAR,2,Williams,30,3,HARD,2,true,20,true,1,6595.206,234.0,263.0,283.0,298.0,95.715,30.623,41.483,23.609
2024,1,R,SAR,2,Williams,31,3,HARD,3,true,20,false,1,6690.921,232.0,258.0,281.0,299.0,96.713,30.539,42.489,23.685
2024,1,R,SAR,2,Williams,32,3,HARD,4,true,20,false,1,6787.634,232.0,257.0,282.0,297.0,96.563,30.82,41.868,23.875
2024,1,R,SAR,2,Williams,33,3,HARD,5,true,20,false,1,6884.197,233.0,258.0,281.0,295.0,97.433,30.732,42.718,23.983
2024,1,R,SAR,2,Williams,34,3,HARD,6,true,20,false,1,6981.63,231.0,258.0,280.0,296.0,96.475,30.708,41.944,23.823
2024,1,R,SAR,2,Williams,35,3,HARD,7,true,20,false,1,7078.105,232.0,260.0,281.0,293.0,96.859,31.015,42.023,23.821
2024,1,R,SAR,2,Williams,36,3,HARD,8,true,20,false,1,7174.964,232.0,259.0,281.0,295.0,96.462,30.805,41.808,23.849
2024,1,R,SAR,2,Williams,37,3,HARD,9,true,20,false,1,7271.426,233.0,258.0,281.0,296.0,96.785,30.826,42.127,23.832
2024,1,R,SAR,2,Williams,38,3,HARD,10,true,20,false,1,7368.211,232.0,259.0,281.0,298.0,96.732,30.786,42.026,23.92
2024,1,R,SAR,2,Williams,39,3,HARD,11,true,20,false,1,7464.943,231.0,261.0,281.0,296.0,97.016,30.987,42.097,23.932
2024,1,R,SAR,2,Williams,40,3,HARD,12,true,20,false,1,7561.959,233.0,256.0,,297.0,99.817,30.76,42.614,26.443
2024,1,R,SAR,2,Williams,41,4,SOFT,1,true,20,false,1,7661.776,232.0,256.0,281.0,188.0,120.282,55.516,41.323,23.443
2024,1,R,SAR,2,Williams,42,4,SOFT,2,true,20,true,1,7782.058,236.0,260.0,282.0,295.0,94.735,30.316,40.966,23.453
2024,1,R,SAR,2,Williams,43,4,SOFT,3,true,20,false,1,7876.793,234.0,259.0,282.0,297.0,95.001,30.462,41.076,23.463
2024,1,R,SAR,2,Williams,44,4,SOFT,4,true,20,false,1,7971.794,234.0,261.0,281.0,295.0,95.13,30.599,41.146,23.385
2024,1,R,SAR,2,Williams,45,4,SOFT,5,true,20,false,1,8066.924,235.0,261.0,281.0,292.0,95.333,30.587,41.272,23.474
2024,1,R,SAR,2,Williams,46,4,SOFT,6,true,20,false,1,8162.257,234.0,260.0,287.0,286.0,95.939,30.872,41.469,23.598
2024,1,R,SAR,2,Williams,47,4,SOFT,7,true,20,false,1,8258.196,233.0,260.0,288.0,313.0,96.729,30.667,42.237,23.825
2024,1,R,SAR,2,Williams,48,4,SOFT,8,true,20,false,1,8354.925,231.0,257.0,281.0,325.0,95.688,30.357,41.593,23.738
2024,1,R,SAR,2,Williams,49,4,SOFT,9,true,20,false,1,8450.613,234.0,258.0,281.0,297.0,95.59,30.638,41.303,23.649
2024,1,R,SAR,2,Williams,50,4,SOFT,10,true,20,false,1,8546.203,234.0,259.0,281.0,293.0,95.66,30.671,41.368,23.621
2024,1,R,SAR,2,Williams,51,4,SOFT,11,true,20,false,1,8641.863,233.0,261.0,281.0,291.0,95.972,30.781,41.539,23.652
2024,1,R,SAR,2,Williams,52,4,SOFT,12,true,20,false,1,8737.835,233.0,262.0,281.0,292.0,95.987,30.775,41.44,23.772
2024,1,R,SAR,2,Williams,53,4,SOFT,13,true,20,false,1,8833.822,232.0,261.0,281.0,292.0,96.088,30.798,41.61,23.68
2024,1,R,SAR,2,Williams,54,4,SOFT,14,true,20,false,1,8929.91,185.0,261.0,282.0,292.0,99.614,32.179,43.748,23.687
2024,1,R,SAR,2,Williams,55,4,SOFT,15,true,20,false,1,9029.524,232.0,260.0,281.0,296.0,96.209,30.671,41.782,23.756
